country,year,gdp_per_capita ($),Total_Population,suicides_no,suicides/100k_pop
Albania,1987,796,2709600,73,2.69
Albania,1988,769,2764300,63,2.28
Albania,1989,833,2803100,68,2.43
Albania,1992,251,2822500,47,1.67
Albania,1993,437,2807300,73,2.6
Albania,1994,697,2849300,50,1.75
Albania,1995,835,2903400,88,3.03
Albania,1996,1127,2940200,89,3.03
Albania,1997,793,2977300,170,5.71
Albania,1998,899,3012700,154,5.11
Albania,1999,1127,3029700,139,4.59
Albania,2000,1299,2796300,54,1.93
Albania,2001,1451,2799349,119,4.25
Albania,2002,1573,2818839,133,4.72
Albania,2003,2021,2843929,124,4.36
Albania,2004,2544,2874991,146,5.08
Albania,2005,2931,2783320,0,0.0
Albania,2006,3235,2780176,0,0.0
Albania,2007,3863,2770344,124,4.48
Albania,2008,4672,2757059,160,5.8
Albania,2009,4387,2745735,0,0.0
Albania,2010,4359,2736025,96,3.51
Antigua and Barbuda,1985,3850,62574,0,0.0
Antigua and Barbuda,1986,4740,61270,0,0.0
Antigua and Barbuda,1987,5595,60261,0,0.0
Antigua and Barbuda,1988,6693,59564,0,0.0
Antigua and Barbuda,1989,7407,59238,0,0.0
Antigua and Barbuda,1990,7744,59334,1,1.69
Antigua and Barbuda,1991,7976,60394,0,0.0
Antigua and Barbuda,1992,8087,61741,0,0.0
Antigua and Barbuda,1993,8453,63315,1,1.58
Antigua and Barbuda,1994,9062,65044,0,0.0
Antigua and Barbuda,1995,8636,66846,0,0.0
Antigua and Barbuda,1998,10078,72225,0,0.0
Antigua and Barbuda,1999,10378,73832,0,0.0
Antigua and Barbuda,2000,11021,75326,2,2.66
Antigua and Barbuda,2001,10468,76497,2,2.61
Antigua and Barbuda,2002,10499,77588,0,0.0
Antigua and Barbuda,2003,10878,78658,1,1.27
Antigua and Barbuda,2004,11535,79722,2,2.51
Antigua and Barbuda,2005,12649,80809,0,0.0
Antigua and Barbuda,2006,14114,81973,0,0.0
Antigua and Barbuda,2007,15775,83131,1,1.2
Antigua and Barbuda,2008,16238,84273,0,0.0
Antigua and Barbuda,2009,14335,85405,0,0.0
Antigua and Barbuda,2012,13657,88703,0,0.0
Antigua and Barbuda,2013,13287,89779,0,0.0
Antigua and Barbuda,2014,14093,90837,0,0.0
Antigua and Barbuda,2015,14853,91889,1,1.09
Argentina,1985,3264,27090800,1988,7.34
Argentina,1986,4072,27244400,2284,8.38
Argentina,1987,4026,27599400,2286,8.28
Argentina,1988,4458,28308000,2354,8.32
Argentina,1989,2670,28702000,2247,7.83
Argentina,1990,4859,29091100,2140,7.36
Argentina,1991,6404,29623000,1951,6.59
Argentina,1992,7615,30045400,2184,7.27
Argentina,1993,7768,30477500,2230,7.32
Argentina,1994,8328,30911200,2241,7.25
Argentina,1995,8232,31345400,2204,7.03
Argentina,1996,8563,31780700,2229,7.01
Argentina,1997,9057,32333781,2184,6.75
Argentina,1998,9126,32757259,2347,7.16
Argentina,1999,8546,33174862,2423,7.3
Argentina,2000,8462,33585533,2774,8.26
Argentina,2001,7900,34010946,3132,9.21
Argentina,2002,2840,34407507,3162,9.19
Argentina,2003,3668,34785907,3289,9.45
Argentina,2004,4683,35162945,3121,8.88
Argentina,2005,5590,35550617,3058,8.6
Argentina,2006,6475,35918886,3108,8.65
Argentina,2007,7918,36315492,2946,8.11
Argentina,2008,9843,36733520,3059,8.33
Argentina,2009,8961,37158001,2884,7.76
Argentina,2010,11273,37578454,2943,7.83
Argentina,2011,13946,38015739,2912,7.66
Argentina,2012,14203,38441778,3248,8.45
Argentina,2013,14206,38859125,2987,7.69
Argentina,2014,13400,39276555,3231,8.23
Argentina,2015,14981,39699624,3073,7.74
Armenia,1990,756,2983700,93,3.12
Armenia,1991,640,3230800,80,2.48
Armenia,1992,385,3308700,83,2.51
Armenia,1993,357,3366600,106,3.15
Armenia,1994,387,3402500,112,3.29
Armenia,1995,426,3443200,130,3.78
Armenia,1996,458,3486300,87,2.5
Armenia,1997,465,3526700,77,2.18
Armenia,1998,532,3558000,66,1.85
Armenia,1999,515,3580700,67,1.87
Armenia,2000,530,3606500,61,1.69
Armenia,2001,587,3610516,60,1.66
Armenia,2002,788,3014844,74,2.45
Armenia,2003,928,3024366,59,1.95
Armenia,2006,2310,2764396,78,2.82
Armenia,2007,3366,2735313,71,2.6
Armenia,2008,3829,3045391,63,2.07
Armenia,2009,3215,2689695,53,1.97
Armenia,2010,3460,2676225,73,2.73
Armenia,2011,3798,2670366,67,2.51
Armenia,2012,3773,2814300,79,2.81
Armenia,2013,3957,2810664,67,2.38
Armenia,2014,4142,2803029,58,2.07
Armenia,2015,3775,2795335,74,2.65
Armenia,2016,3788,2400033,67,2.79
Aruba,1995,17949,73581,8,10.87
Aruba,1999,21027,81934,9,10.98
Aruba,2000,22333,83888,10,11.92
Aruba,2001,22317,86045,4,4.65
Aruba,2002,21987,88284,9,10.19
Aruba,2003,22345,90457,2,2.21
Aruba,2004,24133,92335,8,8.66
Aruba,2005,24870,93728,10,10.67
Aruba,2006,25622,94508,9,9.52
Aruba,2007,27672,94814,8,8.44
Aruba,2008,29447,94814,4,4.22
Aruba,2009,26361,94795,4,4.22
Aruba,2010,25974,95006,7,7.37
Aruba,2011,27066,95488,9,9.43
Australia,1985,12374,14562500,1861,12.78
Australia,1986,12288,14809800,2044,13.8
Australia,1987,12564,15046500,2164,14.38
Australia,1988,15393,15312100,2172,14.18
Australia,1989,19223,15570600,2066,13.27
Australia,1990,19665,15807000,2202,13.93
Australia,1991,20320,16012100,2288,14.29
Australia,1992,20050,16203500,2251,13.89
Australia,1993,19030,16370000,2038,12.45
Australia,1994,19469,16549400,2283,13.8
Australia,1995,21902,16766300,2170,12.94
Australia,1996,23526,17015100,2426,14.26
Australia,1997,25234,17221300,2646,15.36
Australia,1998,22897,17421730,2632,15.11
Australia,1999,22016,17641702,2488,14.1
Australia,2000,23219,17874410,2391,13.38
Australia,2001,20860,18130883,2458,13.56
Australia,2002,21474,18370058,2319,12.62
Australia,2003,25059,18608029,2156,11.59
Australia,2004,32454,18854551,2114,11.21
Australia,2006,39014,19109246,2117,11.08
Australia,2007,43171,19734430,2229,11.29
Australia,2008,52315,20120312,2341,11.64
Australia,2009,45128,20529317,2337,11.38
Australia,2010,54887,20847547,2420,11.61
Australia,2011,66770,20881910,2392,11.45
Australia,2012,72669,21238909,2580,12.15
Australia,2013,72856,21600180,2608,12.07
Australia,2014,66809,21927587,2891,13.18
Australia,2015,60656,22240785,3027,13.61
Austria,1985,9759,7110115,2091,29.41
Austria,1986,13911,7119149,2139,30.05
Austria,1987,17415,7130006,2069,29.02
Austria,1988,18663,7144410,1851,25.91
Austria,1989,18544,7177666,1898,26.44
Austria,1990,23020,7231353,1825,25.24
Austria,1991,23808,7299728,1769,24.23
Austria,1992,26450,7375368,1759,23.85
Austria,1993,25611,7433569,1704,22.92
Austria,1994,27274,7462552,1776,23.8
Austria,1995,32237,7477030,1788,23.91
Austria,1996,31660,7493706,1779,23.74
Austria,1997,28325,7512589,1592,21.19
Austria,1998,28972,7533519,1559,20.69
Austria,1999,28722,7561609,1555,20.56
Austria,2000,25922,7592073,1588,20.92
Austria,2001,25848,7634560,1489,19.5
Austria,2002,27772,7683162,1553,20.21
Austria,2003,33889,7722033,1456,18.86
Austria,2004,38711,7773105,1422,18.29
Austria,2005,40367,7827461,1399,17.87
Austria,2006,42698,7869269,1297,16.48
Austria,2007,49218,7897272,1285,16.27
Austria,2008,54294,7925258,1267,15.99
Austria,2009,50356,7946894,1278,16.08
Austria,2010,49181,7968421,1264,15.86
Austria,2011,53923,7995146,1288,16.11
Austria,2012,50979,8031276,1276,15.89
Austria,2013,53229,8079615,1291,15.98
Austria,2014,54278,8141165,1314,16.14
Austria,2015,46484,8219386,1251,15.22
Austria,2016,46976,7484629,1201,16.05
Azerbaijan,1990,1439,6156800,114,1.85
Azerbaijan,1991,1398,6290600,134,2.13
Azerbaijan,1992,784,6370400,144,2.26
Azerbaijan,1993,617,6442600,119,1.85
Azerbaijan,1994,508,6521200,47,0.72
Azerbaijan,1995,462,6605900,49,0.74
Azerbaijan,1996,476,6668100,69,1.03
Azerbaijan,1997,590,6711200,107,1.59
Azerbaijan,1998,631,7044400,56,0.79
Azerbaijan,1999,645,7106400,54,0.76
Azerbaijan,2000,711,7415250,62,0.84
Azerbaijan,2001,759,7518000,317,4.22
Azerbaijan,2002,820,7605700,92,1.21
Azerbaijan,2003,948,7674400,129,1.68
Azerbaijan,2004,1122,7738250,108,1.4
Azerbaijan,2007,4172,7921100,55,0.69
Bahamas,1985,11393,203700,1,0.49
Bahamas,1987,12286,220900,3,1.36
Bahamas,1993,12698,243500,7,2.87
Bahamas,1994,13073,249300,3,1.2
Bahamas,1995,13473,254500,2,0.79
Bahamas,1996,14297,252438,3,1.19
Bahamas,1997,24740,255956,2,0.78
Bahamas,1998,26269,260125,3,1.15
Bahamas,1999,29019,264791,6,2.27
Bahamas,2000,29942,269738,11,4.08
Bahamas,2001,30122,276140,1,0.36
Bahamas,2002,31432,282555,3,1.06
Bahamas,2003,30704,288888,1,0.35
Bahamas,2004,30671,295237,2,0.68
Bahamas,2005,32596,301763,4,1.33
Bahamas,2006,32957,308499,2,0.65
Bahamas,2007,33710,314989,5,1.59
Bahamas,2008,32746,321447,4,1.24
Bahamas,2009,30450,327813,6,1.83
Bahamas,2010,30239,333869,10,3.0
Bahamas,2011,29761,338383,4,1.18
Bahamas,2012,31204,343558,5,1.46
Bahamas,2013,30455,348959,5,1.43
Bahrain,1985,9980,365900,11,3.01
Bahrain,1987,9321,363900,9,2.47
Bahrain,1988,9501,389700,14,3.59
Bahrain,1997,11985,529754,0,0.0
Bahrain,1998,11325,546008,0,0.0
Bahrain,1999,11703,565762,17,3.0
Bahrain,2000,15345,590594,29,4.91
Bahrain,2001,14383,624083,23,3.69
Bahrain,2002,14572,661010,25,3.78
Bahrain,2003,15756,702913,34,4.84
Bahrain,2004,17497,751559,42,5.59
Bahrain,2005,19485,819540,42,5.12
Bahrain,2006,20826,888543,28,3.15
Bahrain,2007,22524,964770,40,4.15
Bahrain,2008,25106,1024110,43,4.2
Bahrain,2009,20988,1092922,36,3.29
Bahrain,2010,22572,1139160,19,1.67
Bahrain,2011,26078,1103462,18,1.63
Bahrain,2012,25587,1201778,19,1.58
Bahrain,2013,26793,1214492,5,0.41
Bahrain,2014,27503,1213966,9,0.74
Barbados,1985,6137,231000,7,3.03
Barbados,1986,6720,231600,8,3.45
Barbados,1987,7333,233700,6,2.57
Barbados,1988,7763,234800,12,5.11
Barbados,1989,8541,236000,16,6.78
Barbados,1990,8537,237000,16,6.75
Barbados,1991,8469,237000,17,7.17
Barbados,1992,8129,240000,14,5.83
Barbados,1993,8540,239600,16,6.68
Barbados,1994,8953,240300,14,5.83
Barbados,1995,9378,241200,17,7.05
Barbados,2000,12430,251133,10,3.98
Barbados,2001,12348,252406,2,0.79
Barbados,2002,12511,253353,0,0.0
Barbados,2003,12887,254122,0,0.0
Barbados,2004,13786,254925,3,1.18
Barbados,2005,15230,255889,1,0.39
Barbados,2006,16531,256883,9,3.5
Barbados,2007,17528,258083,0,0.0
Barbados,2008,17760,259414,1,0.39
Barbados,2009,17007,260718,5,1.92
Barbados,2010,17034,261927,3,1.15
Barbados,2011,17708,263203,0,0.0
Barbados,2012,17620,264270,0,0.0
Barbados,2013,17395,265165,0,0.0
Belarus,1990,2301,9408800,2085,22.16
Belarus,1991,1899,9476200,2169,22.89
Belarus,1992,1780,9570900,2424,25.33
Belarus,1993,1689,9641100,2885,29.92
Belarus,1994,1547,9653900,3153,32.66
Belarus,1995,1444,9673600,3203,33.11
Belarus,1996,1524,9684800,3627,37.45
Belarus,1997,1458,9692100,3526,36.38
Belarus,1998,1570,9694800,3556,36.68
Belarus,1999,1269,9563200,3397,35.52
Belarus,2000,1335,9543479,3483,36.5
Belarus,2001,1299,9513587,3303,34.72
Belarus,2002,1541,9469234,3291,34.75
Belarus,2003,1892,9420691,3456,36.69
Belarus,2007,4898,9244456,2659,28.76
Belarus,2008,6601,9205746,2658,28.87
Belarus,2009,5366,9169969,2743,29.91
Belarus,2010,6371,8981193,2459,27.38
Belarus,2011,6902,8947320,2172,24.28
Belarus,2013,8477,8910240,1902,21.35
Belarus,2014,8849,8906977,1741,19.55
Belgium,1985,9356,9269600,2281,24.61
Belgium,1986,12992,9287100,2202,23.71
Belgium,1987,16165,9291300,2238,24.09
Belgium,1988,17509,9319300,1996,21.42
Belgium,1989,17659,9349200,1920,20.54
Belgium,1990,22032,9369700,1895,20.22
Belgium,1991,22523,9396600,1805,19.21
Belgium,1992,25036,9428100,1878,19.92
Belgium,1993,23875,9462900,2142,22.64
Belgium,1994,25922,9497400,2131,22.44
Belgium,1995,30394,9527100,2155,22.62
Belgium,1996,29438,9557545,2013,21.06
Belgium,1997,26609,9576223,2146,22.41
Belgium,1998,27087,9620997,2019,20.99
Belgium,1999,26969,9648277,1857,19.25
Belgium,2000,24592,9674025,2143,22.15
Belgium,2001,24494,9710055,2165,22.3
Belgium,2002,26526,9758570,2076,21.27
Belgium,2003,32538,9804122,2091,21.33
Belgium,2004,37661,9848022,1987,20.18
Belgium,2005,39124,9901014,2029,20.49
Belgium,2006,41135,9962702,1935,19.42
Belgium,2007,47040,10030266,1857,18.51
Belgium,2008,51345,10100850,1999,19.79
Belgium,2009,47630,10173366,2013,19.79
Belgium,2010,47355,10211171,2013,19.71
Belgium,2011,50893,10355126,2088,20.16
Belgium,2012,47678,10442637,2026,19.4
Belgium,2013,49489,10526149,1895,18.0
Belgium,2014,50173,10578848,1899,17.95
Belgium,2015,42830,10624356,1867,17.57
Belize,1986,1552,146800,3,2.04
Belize,1987,1920,144069,4,2.78
Belize,1989,2372,153088,1,0.65
Belize,1990,2614,158000,3,1.9
Belize,1991,2742,162200,2,1.23
Belize,1993,3278,170800,1,0.59
Belize,1994,3399,170874,8,4.68
Belize,1995,3436,180500,14,7.76
Belize,1996,3545,180926,8,4.42
Belize,1997,3487,187650,1,0.53
Belize,1998,3531,195108,12,6.15
Belize,1999,3615,202699,18,8.88
Belize,2000,3960,210109,18,8.57
Belize,2001,4013,217279,19,8.74
Belize,2002,4161,224136,14,6.25
Belize,2003,4289,230890,12,5.2
Belize,2004,4449,237791,20,8.41
Belize,2005,4547,245020,12,4.9
Belize,2006,4815,252826,11,4.35
Belize,2007,4951,260667,8,3.07
Belize,2008,5098,268487,11,4.1
Belize,2009,4841,276189,15,5.43
Belize,2010,4923,283796,15,5.29
Belize,2011,5098,291662,33,11.31
Belize,2012,5264,298946,18,6.02
Belize,2013,5272,305888,17,5.56
Belize,2014,5448,312780,24,7.67
Belize,2015,5561,319835,26,8.13
Bosnia and Herzegovina,2011,5076,3673312,5,0.14
Bosnia and Herzegovina,2014,5079,3654169,313,8.57
Brazil,1985,1898,117478900,4228,3.6
Brazil,1986,2257,118776400,4271,3.6
Brazil,1987,2394,122822467,4672,3.8
Brazil,1988,2628,125701294,4466,3.55
Brazil,1989,3310,128570308,4463,3.47
Brazil,1990,3516,131387553,4803,3.66
Brazil,1991,4490,134281850,5156,3.84
Brazil,1992,2924,137007021,5207,3.8
Brazil,1993,3136,139615477,5508,3.95
Brazil,1994,3925,142188450,5896,4.15
Brazil,1995,5313,144783591,6536,4.51
Brazil,1996,5771,147353130,6698,4.55
Brazil,1997,5891,149932627,6891,4.6
Brazil,1998,5663,152524311,6922,4.54
Brazil,1999,3864,155122073,6507,4.19
Brazil,2000,4156,157715991,6763,4.29
Brazil,2001,3492,160178796,7710,4.81
Brazil,2002,3121,162761414,7697,4.73
Brazil,2003,3376,165396911,7839,4.74
Brazil,2004,3984,167993068,7995,4.76
Brazil,2005,5230,170483960,8529,5.0
Brazil,2006,6403,172974722,8618,4.98
Brazil,2007,7970,175293192,8855,5.05
Brazil,2008,9555,177471632,9184,5.17
Brazil,2009,9283,179569551,9346,5.2
Brazil,2010,12161,181629712,9429,5.19
Brazil,2011,14245,183656441,9822,5.35
Brazil,2012,13283,185591215,10295,5.55
Brazil,2013,13191,187458852,10513,5.61
Brazil,2014,12975,189285554,10631,5.62
Brazil,2015,9431,191087085,11163,5.84
Bulgaria,1985,2044,8392500,1456,17.35
Bulgaria,1986,2413,8391500,1408,16.78
Bulgaria,1987,3355,8375400,1492,17.81
Bulgaria,1988,2688,8389800,1452,17.31
Bulgaria,1989,2617,8403200,1460,17.37
Bulgaria,1990,2451,8418500,1323,15.72
Bulgaria,1991,1298,8431900,1384,16.41
Bulgaria,1992,1287,8041500,1519,18.89
Bulgaria,1993,1354,8001000,1470,18.37
Bulgaria,1994,1213,7995500,1464,18.31
Bulgaria,1995,1636,7983900,1433,17.95
Bulgaria,1996,1270,7963300,1526,19.16
Bulgaria,1997,1411,7933900,1465,18.47
Bulgaria,1998,1852,7899500,1503,19.03
Bulgaria,1999,1715,7866600,1307,16.61
Bulgaria,2000,1680,7829095,1383,17.66
Bulgaria,2001,1854,7591926,1314,17.31
Bulgaria,2002,2157,7544410,1317,17.46
Bulgaria,2003,2800,7493166,1092,14.57
Bulgaria,2004,3485,7447563,1013,13.6
Bulgaria,2005,4003,7404051,982,13.26
Bulgaria,2006,4638,7358508,977,13.28
Bulgaria,2007,6073,7312474,902,12.34
Bulgaria,2008,7487,7267511,939,12.92
Bulgaria,2009,7186,7219817,868,12.02
Bulgaria,2010,7066,7162740,859,11.99
Bulgaria,2011,8137,7056527,763,10.81
Bulgaria,2012,7745,6959652,872,12.53
Bulgaria,2013,8057,6920644,721,10.42
Bulgaria,2014,8241,6883874,724,10.52
Cabo Verde,2011,4124,452179,42,9.29
Canada,1985,15522,23499900,3258,13.86
Canada,1986,16062,23499100,3670,15.62
Canada,1987,18124,23798100,3591,15.09
Canada,1988,21069,24080600,3510,14.58
Canada,1989,23188,24368400,3491,14.33
Canada,1990,24041,24704400,3378,13.67
Canada,1991,24038,25390400,3593,14.15
Canada,1992,22393,26454400,3708,14.02
Canada,1993,21421,26944700,3803,14.11
Canada,1994,21219,27246000,3748,13.76
Canada,1995,21871,27618500,3968,14.37
Canada,1996,22686,27706600,3941,14.22
Canada,1997,23245,28085100,3681,13.11
Canada,1998,22268,28372536,3699,13.04
Canada,1999,23572,28681643,4074,14.2
Canada,2000,25589,29008565,3606,12.43
Canada,2001,25165,29262055,3694,12.62
Canada,2002,25570,29642114,3650,12.31
Canada,2003,29787,29958833,3765,12.57
Canada,2004,33787,30283966,3613,11.93
Canada,2005,38218,30597090,3743,12.23
Canada,2006,42566,30902962,3512,11.36
Canada,2007,46890,31242631,3611,11.56
Canada,2008,49041,31588641,3705,11.73
Canada,2009,42933,31937357,3890,12.18
Canada,2010,49974,32286140,3951,12.24
Canada,2011,54841,32615418,3728,11.43
Canada,2012,55347,32961196,3926,11.91
Canada,2013,55310,33314836,4054,12.17
Chile,1985,1658,10675400,683,6.4
Chile,1986,1728,10931700,654,5.98
Chile,1987,1985,11209000,693,6.18
Chile,1988,2303,11306000,697,6.16
Chile,1989,2599,11501000,725,6.3
Chile,1990,2828,11709000,743,6.35
Chile,1991,3187,11871000,787,6.63
Chile,1992,3791,12125000,658,5.43
Chile,1993,4006,12306400,740,6.01
Chile,1994,4551,12526600,801,6.39
Chile,1995,5695,12897643,930,7.21
Chile,1996,5946,13125089,917,6.99
Chile,1997,6368,13339550,910,6.82
Chile,1998,6023,13543940,1031,7.61
Chile,1999,5470,13743882,1041,7.57
Chile,2000,5584,13943575,1473,10.56
Chile,2001,5020,14139590,1625,11.49
Chile,2002,4866,14332840,1603,11.18
Chile,2003,5208,14523758,1654,11.39
Chile,2004,6744,14710993,1735,11.79
Chile,2005,8256,14893574,1682,11.29
Chile,2006,10270,15071596,1795,11.91
Chile,2007,11387,15245435,1848,12.12
Chile,2008,11653,15415661,2088,13.54
Chile,2009,11062,15584149,2148,13.78
Chile,2010,13874,15751851,2001,12.7
Chile,2011,15854,15910783,2027,12.74
Chile,2012,16617,16075247,1841,11.45
Chile,2013,17140,16242244,1738,10.7
Chile,2014,15883,16406867,1789,10.9
Chile,2015,14729,16565725,1838,11.1
Colombia,1985,1393,25052400,1001,4.0
Colombia,1986,1366,25585600,958,3.74
Colombia,1987,1299,28009432,951,3.4
Colombia,1988,1369,28649501,912,3.18
Colombia,1989,1350,29289829,831,2.84
Colombia,1990,1346,29930973,865,2.89
Colombia,1991,1348,30584178,1010,3.3
Colombia,1992,1664,29615400,1086,3.67
Colombia,1993,1845,30242200,1085,3.59
Colombia,1994,2646,30874600,1198,3.88
Colombia,1995,2796,33090899,1150,3.48
Colombia,1996,2883,33703636,1209,3.59
Colombia,1997,3106,34338825,1242,3.62
Colombia,1998,2814,34987039,2052,5.87
Colombia,1999,2419,35629408,2143,6.01
Colombia,2000,2755,36252342,2358,6.5
Colombia,2001,2662,36884428,2412,6.54
Colombia,2002,2613,37478276,2379,6.35
Colombia,2003,2489,38044513,2269,5.96
Colombia,2004,3033,38604716,2244,5.81
Colombia,2005,3742,39172790,2102,5.37
Colombia,2006,4095,39708676,2177,5.48
Colombia,2007,5150,40275206,2181,5.42
Colombia,2008,5971,40859129,2220,5.43
Colombia,2009,5643,41436173,2249,5.43
Colombia,2010,6836,41989103,2107,5.02
Colombia,2011,7885,42538305,2044,4.81
Colombia,2012,8586,43055864,2119,4.92
Colombia,2013,8731,43546298,2068,4.75
Colombia,2014,8591,44021800,2126,4.83
Colombia,2015,6552,44490427,2332,5.24
Costa Rica,1985,2145,2236200,128,5.72
Costa Rica,1986,2389,2292900,131,5.71
Costa Rica,1987,2433,2400700,119,4.96
Costa Rica,1988,2460,2465200,138,5.6
Costa Rica,1989,2686,2556000,167,6.53
Costa Rica,1990,2817,2627800,157,5.97
Costa Rica,1991,2651,2704000,125,4.62
Costa Rica,1992,3070,2778400,149,5.36
Costa Rica,1993,3342,2853700,164,5.75
Costa Rica,1994,3562,2929100,162,5.53
Costa Rica,1995,3672,3135200,209,6.67
Costa Rica,1996,3639,3192446,209,6.55
Costa Rica,1997,3827,3279559,187,5.7
Costa Rica,1998,4046,3365726,223,6.63
Costa Rica,1999,4115,3449923,233,6.75
Costa Rica,2000,4233,3531421,239,6.77
Costa Rica,2001,4412,3606850,198,5.49
Costa Rica,2002,4485,3680372,275,7.47
Costa Rica,2003,4583,3751871,315,8.4
Costa Rica,2004,4850,3820857,325,8.51
Costa Rica,2005,5133,3887096,272,7.0
Costa Rica,2006,5716,3953916,350,8.85
Costa Rica,2007,6661,4015241,270,6.72
Costa Rica,2008,7517,4072561,261,6.41
Costa Rica,2009,7403,4128459,278,6.73
Costa Rica,2010,8906,4184663,311,7.43
Costa Rica,2011,9978,4235514,316,7.46
Costa Rica,2012,10832,4290210,302,7.04
Costa Rica,2013,11443,4347229,311,7.15
Costa Rica,2014,11485,4403674,268,6.09
Croatia,1995,4978,4497400,929,20.66
Croatia,1996,5610,4220800,1001,23.72
Croatia,1997,5546,4295100,946,22.03
Croatia,1998,6015,4227900,1029,24.34
Croatia,1999,5459,4283800,989,23.09
Croatia,2000,5288,4118000,926,22.49
Croatia,2001,5571,4180633,881,21.07
Croatia,2002,6373,4217300,874,20.72
Croatia,2003,8202,4225600,865,20.47
Croatia,2004,9829,4229600,871,20.59
Croatia,2005,10722,4235875,874,20.63
Croatia,2006,11914,4234946,796,18.8
Croatia,2007,14204,4230855,775,18.32
Croatia,2008,16680,4225583,793,18.77
Croatia,2009,14872,4216050,790,18.74
Croatia,2010,14232,4203963,776,18.46
Croatia,2011,14890,4189029,702,16.76
Croatia,2012,13952,4054296,776,19.14
Croatia,2013,14362,4044457,692,17.11
Croatia,2014,14299,4030452,722,17.91
Croatia,2015,12351,4001669,739,18.47
Croatia,2016,12905,3567043,683,19.15
Cuba,1992,2227,9915600,2299,23.19
Cuba,1993,2236,10004200,2374,23.73
Cuba,1994,2820,10089300,2278,22.58
Cuba,1995,2993,10168400,2222,21.85
Cuba,1996,2443,10241600,2014,19.66
Cuba,1997,2472,10260492,2029,19.77
Cuba,1998,2497,10307978,2056,19.95
Cuba,1999,2741,10350039,2050,19.81
Cuba,2000,2940,10397209,1845,17.75
Cuba,2001,3037,10433428,1652,15.83
Cuba,2002,3205,10479415,1606,15.33
Cuba,2003,3409,10531074,1499,14.23
Cuba,2004,3611,10578701,1515,14.32
Cuba,2005,4017,10616406,1397,13.16
Cuba,2006,4951,10653638,1376,12.92
Cuba,2007,5488,10678023,1307,12.24
Cuba,2008,5686,10693814,1377,12.88
Cuba,2009,5797,10708230,1477,13.79
Cuba,2010,5997,10725848,1558,14.53
Cuba,2011,6419,10748034,1529,14.23
Cuba,2012,6791,10770535,1495,13.88
Cuba,2013,7148,10792690,1499,13.89
Cuba,2014,7459,10813411,1453,13.44
Cuba,2015,8044,10832068,1511,13.95
Cyprus,1999,12389,856733,1,0.12
Cyprus,2000,11635,875229,7,0.8
Cyprus,2004,25227,690616,7,1.01
Cyprus,2005,26671,701263,17,2.42
Cyprus,2006,28600,713426,19,2.66
Cyprus,2007,33048,728566,19,2.61
Cyprus,2008,37267,747034,41,5.49
Cyprus,2009,33816,767174,32,4.17
Cyprus,2010,32477,787081,38,4.83
Cyprus,2011,34249,800820,30,3.75
Cyprus,2012,30752,814305,36,4.42
Cyprus,2013,29624,813016,45,5.53
Cyprus,2014,29024,804818,44,5.47
Cyprus,2015,24718,796037,40,5.02
Cyprus,2016,25098,711344,36,5.06
Czech Republic,1990,4168,9710900,1997,20.56
Czech Republic,1991,3070,9667500,1904,19.69
Czech Republic,1992,3573,9681900,1991,20.56
Czech Republic,1993,4186,9703400,1917,19.76
Czech Republic,1994,4891,9723700,1872,19.25
Czech Republic,1995,6134,9744300,1733,17.78
Czech Republic,1996,6861,9763900,1568,16.06
Czech Republic,1997,6314,9786700,1666,17.02
Czech Republic,1998,6779,9808300,1613,16.45
Czech Republic,1999,6606,9819215,1610,16.4
Czech Republic,2000,6278,9819742,1649,16.79
Czech Republic,2001,6863,9838083,1623,16.5
Czech Republic,2002,8399,9752463,1534,15.73
Czech Republic,2003,10220,9748550,1719,17.63
Czech Republic,2004,12226,9746647,1583,16.24
Czech Republic,2005,13961,9761733,1565,16.03
Czech Republic,2006,15896,9780319,1400,14.31
Czech Republic,2007,19273,9818295,1379,14.05
Czech Republic,2008,23811,9899594,1379,13.93
Czech Republic,2009,20748,9937407,1464,14.73
Czech Republic,2010,20862,9945273,1502,15.1
Czech Republic,2011,23010,9906318,1590,16.05
Czech Republic,2012,20898,9923127,1658,16.71
Czech Republic,2013,21073,9936780,1577,15.87
Czech Republic,2014,20859,9963127,1489,14.95
Czech Republic,2015,18703,9989325,1387,13.88
Czech Republic,2016,19505,8929942,1318,14.76
Denmark,1994,32034,4874900,999,20.49
Denmark,1995,37841,4889100,924,18.9
Denmark,1996,38158,4917300,892,18.14
Denmark,1997,35148,4937300,817,16.55
Denmark,1998,35710,4956400,763,15.39
Denmark,1999,35763,4976200,762,15.31
Denmark,2000,32841,4998610,728,14.56
Denmark,2001,32837,5018451,727,14.49
Denmark,2002,35435,5041222,688,13.65
Denmark,2003,43129,5056783,633,12.52
Denmark,2004,49552,5072927,661,13.03
Denmark,2005,51960,5089852,631,12.4
Denmark,2006,55354,5110460,650,12.72
Denmark,2007,62229,5133001,581,11.32
Denmark,2008,68447,5162525,603,11.68
Denmark,2009,61863,5192790,622,11.98
Denmark,2010,61711,5217785,563,10.79
Denmark,2011,65598,5244150,589,11.23
Denmark,2012,62071,5270539,661,12.54
Denmark,2013,64831,5299698,610,11.51
Denmark,2014,66114,5339166,629,11.78
Denmark,2015,55972,5383060,564,10.48
Dominica,1985,1485,66400,0,0.0
Ecuador,1985,2238,7661800,393,5.13
Ecuador,1986,1943,7881300,377,4.78
Ecuador,1987,1669,8356800,390,4.67
Ecuador,1988,1519,8593200,466,5.42
Ecuador,1989,1619,8578619,431,5.02
Ecuador,1990,1732,8800933,448,5.09
Ecuador,1991,1869,9091700,494,5.43
Ecuador,1992,1955,9253155,505,5.46
Ecuador,1993,1996,9488483,574,6.05
Ecuador,1994,2335,9725255,512,5.26
Ecuador,1995,2453,9960563,546,5.48
Ecuador,1996,2474,10195848,593,5.82
Ecuador,1997,2701,10427773,579,5.55
Ecuador,1998,2626,10656446,546,5.12
Ecuador,1999,1805,10883283,616,5.66
Ecuador,2000,1650,11109383,534,4.81
Ecuador,2001,2160,11328328,584,5.16
Ecuador,2002,2472,11548770,577,5.0
Ecuador,2003,2755,11771002,675,5.73
Ecuador,2004,3051,11994153,791,6.59
Ecuador,2005,3397,12217643,943,7.72
Ecuador,2006,3759,12449374,900,7.23
Ecuador,2007,4024,12677354,1005,7.93
Ecuador,2008,4787,12903183,928,7.19
Ecuador,2009,4762,13130161,964,7.34
Ecuador,2010,5206,13360285,912,6.83
Ecuador,2011,5836,13583553,918,6.76
Ecuador,2012,6364,13815861,976,7.06
Ecuador,2013,6769,14054613,676,4.81
Ecuador,2014,7116,14295145,734,5.13
Ecuador,2015,6832,14534024,1073,7.38
El Salvador,1990,1068,4510552,571,12.66
El Salvador,1991,1148,4576985,474,10.36
El Salvador,1992,1266,4591600,419,9.13
El Salvador,1993,1423,4694300,424,9.03
El Salvador,1995,1845,4836397,620,12.82
El Salvador,1996,1959,4892391,540,11.04
El Salvador,1997,2065,4949302,577,11.66
El Salvador,1998,2185,5006338,512,10.23
El Salvador,1999,2229,5062759,515,10.17
El Salvador,2000,2303,5118189,461,9.01
El Salvador,2001,2373,5175094,514,9.93
El Salvador,2002,2421,5230458,436,8.34
El Salvador,2003,2507,5283542,527,9.97
El Salvador,2004,2573,5333170,464,8.7
El Salvador,2005,2733,5378879,455,8.46
El Salvador,2006,2947,5429044,411,7.57
El Salvador,2007,3111,5467861,501,9.16
El Salvador,2008,3271,5499287,490,8.91
El Salvador,2009,3184,5528910,506,9.15
El Salvador,2010,3318,5560453,399,7.18
El Salvador,2011,3631,5585785,485,8.68
El Salvador,2012,3806,5618823,512,9.11
El Salvador,2013,3885,5657250,484,8.56
El Salvador,2014,3965,5696329,386,6.78
Estonia,1995,3224,1356651,594,43.78
Estonia,1996,3536,1342202,545,40.6
Estonia,1997,3806,1331234,522,39.21
Estonia,1998,4250,1321719,477,36.09
Estonia,1999,4361,1313198,468,35.64
Estonia,2000,4262,1334175,377,28.26
Estonia,2001,4711,1325610,401,30.25
Estonia,2002,5561,1316690,371,28.18
Estonia,2003,7523,1307160,342,26.16
Estonia,2004,9293,1297650,323,24.89
Estonia,2005,10870,1288495,273,21.19
Estonia,2006,13264,1278915,247,19.31
Estonia,2007,17504,1270415,251,19.76
Estonia,2008,19141,1264005,242,19.15
Estonia,2009,15609,1259010,269,21.37
Estonia,2010,15540,1254225,223,17.78
Estonia,2011,18545,1249427,218,17.45
Estonia,2012,18411,1251631,237,18.94
Estonia,2013,20221,1243096,218,17.54
Estonia,2014,21117,1241852,241,19.41
Estonia,2015,18149,1243450,195,15.68
Fiji,2001,2307,719459,36,5.0
Fiji,2002,2548,723187,42,5.81
Fiji,2003,3192,725591,10,1.38
Fiji,2004,3744,728408,24,3.29
Fiji,2005,4104,732607,22,3.0
Fiji,2006,4206,737759,24,3.25
Fiji,2007,4570,745055,13,1.74
Fiji,2008,4675,753658,37,4.91
Fiji,2009,3765,762403,26,3.41
Fiji,2011,4862,776325,38,4.89
Fiji,2012,5073,782939,32,4.09
Finland,1987,19861,4614100,1363,29.54
Finland,1988,23546,4633600,1402,30.26
Finland,1989,25582,4654300,1413,30.36
Finland,1990,30271,4675100,1512,32.34
Finland,1991,27214,4698500,1493,31.78
Finland,1992,23857,4720900,1451,30.74
Finland,1993,18826,4741000,1397,29.47
Finland,1994,21699,4761600,1387,29.13
Finland,1995,28068,4781300,1388,29.03
Finland,1996,27508,4802200,1247,25.97
Finland,1997,26296,4823200,1322,27.41
Finland,1998,27646,4844673,1228,25.35
Finland,1999,27800,4864255,1207,24.81
Finland,2000,25716,4881820,1165,23.86
Finland,2001,26383,4898983,1204,24.58
Finland,2002,28390,4915614,1095,22.28
Finland,2003,34701,4929856,1075,21.81
Finland,2004,39793,4944765,1064,21.52
Finland,2005,41202,4961784,994,20.03
Finland,2006,43487,4979740,1062,21.33
Finland,2007,51089,4998853,995,19.9
Finland,2008,56521,5020096,1033,20.58
Finland,2009,49878,5042316,1034,20.51
Finland,2010,48939,5063494,954,18.84
Finland,2011,53809,5085985,912,17.93
Finland,2012,50232,5110450,873,17.08
Finland,2013,52572,5135433,887,17.27
Finland,2014,52832,5159944,789,15.29
Finland,2015,44862,5181797,731,14.11
France,1985,10765,51382600,12501,24.33
France,1986,14940,51637600,12529,24.26
France,1987,17999,51900800,12161,23.43
France,1988,19534,52157600,11599,22.24
France,1989,19558,52417900,11715,22.35
France,1990,23968,52952900,11403,21.53
France,1991,23821,53282900,11502,21.59
France,1992,26136,53622300,11644,21.71
France,1993,24521,53945400,12251,22.71
France,1994,25697,54247100,12041,22.2
France,1995,29363,54528500,11819,21.67
France,1996,29305,54791600,11279,20.59
France,1997,26394,55045500,11139,20.24
France,1998,27190,55280700,10534,19.06
France,1999,27118,55043393,10268,18.65
France,2000,24648,55267624,10849,19.63
France,2001,24796,55511272,10449,18.82
France,2002,26714,55935517,10643,19.03
France,2003,32656,56360402,10871,19.29
France,2004,37240,56813922,10804,19.02
France,2005,38420,57160687,10713,18.74
France,2006,40097,57824447,10423,18.03
France,2007,45682,58167011,10127,17.41
France,2008,49901,58482967,10353,17.7
France,2009,45775,58770727,10499,17.86
France,2010,44747,59056283,10379,17.57
France,2011,48217,59344643,10408,17.54
France,2012,45002,59638457,9743,16.34
France,2013,46922,59910069,9600,16.02
France,2014,47318,60275954,8881,14.73
Georgia,1990,1555,4986400,196,3.93
Georgia,1991,1267,5018550,174,3.47
Georgia,1992,740,4988700,204,4.09
Georgia,1994,556,4518900,123,2.72
Georgia,1995,611,4410850,138,3.13
Georgia,1996,718,4310350,162,3.76
Georgia,1997,828,4240600,176,4.15
Georgia,1998,858,4209250,148,3.52
Georgia,1999,669,4187750,189,4.51
Georgia,2000,734,4165600,130,3.12
Georgia,2001,777,4140950,100,2.41
Georgia,2004,1253,4089850,175,4.28
Georgia,2005,1552,4132000,87,2.11
Georgia,2006,1859,4166500,72,1.73
Georgia,2007,2448,4154900,104,2.5
Georgia,2009,2589,4158750,188,4.52
Georgia,2010,2775,4193800,112,2.67
Georgia,2011,3435,4202600,99,2.36
Georgia,2012,3772,4200900,104,2.48
Georgia,2013,3850,4192600,157,3.74
Georgia,2014,4757,3470600,194,5.59
Georgia,2015,4046,3458400,192,5.55
Germany,1990,23546,74958800,13924,18.58
Germany,1991,24662,75495900,14010,18.56
Germany,1992,27888,76131700,13458,17.68
Germany,1993,26937,76793400,12690,16.52
Germany,1994,28588,77163400,12718,16.48
Germany,1995,33420,77547500,12888,16.62
Germany,1996,32147,77882500,12225,15.7
Germany,1997,28420,78067900,12256,15.7
Germany,1998,28733,78071100,11654,14.93
Germany,1999,28154,78141200,11160,14.28
Germany,2000,24922,78242066,11073,14.15
Germany,2001,24874,78421514,11167,14.24
Germany,2002,26441,78633771,11176,14.21
Germany,2003,31816,78756461,11155,14.16
Germany,2004,35772,78811814,10741,13.63
Germany,2005,36289,78851254,10270,13.02
Germany,2006,38088,78828994,9775,12.4
Germany,2007,43667,78776585,9409,11.94
Germany,2008,47702,78662789,9459,12.02
Germany,2009,43570,78448602,9579,12.21
Germany,2010,43614,78349067,10030,12.8
Germany,2011,47947,78371140,10153,12.96
Germany,2012,45142,78508115,9896,12.61
Germany,2013,48563,77270988,10091,13.06
Germany,2014,50167,77552369,10217,13.17
Germany,2015,43201,78136683,10088,12.91
Greece,1985,5156,9275400,405,4.37
Greece,1986,6040,9334000,393,4.21
Greece,1987,6994,9387400,410,4.37
Greece,1988,8070,9450000,403,4.26
Greece,1989,8310,9527500,383,4.02
Greece,1990,10179,9617000,349,3.63
Greece,1991,10816,9721144,381,3.92
Greece,1992,11818,9834155,351,3.57
Greece,1993,10957,9930405,412,4.15
Greece,1994,11638,10018932,355,3.54
Greece,1995,13550,10101632,370,3.66
Greece,1996,14330,10178479,356,3.5
Greece,1997,13968,10248806,374,3.65
Greece,1998,14008,10310630,403,3.91
Greece,1999,13756,10362363,381,3.68
Greece,2000,12509,10403059,382,3.67
Greece,2001,13043,10441529,334,3.2
Greece,2002,14676,10482045,323,3.08
Greece,2003,19202,10515665,375,3.57
Greece,2004,22804,10547290,353,3.35
Greece,2005,23414,10582816,400,3.78
Greece,2006,25739,10618891,394,3.71
Greece,2007,29896,10653591,328,3.08
Greece,2008,33168,10686723,373,3.49
Greece,2009,30785,10719618,391,3.65
Greece,2010,27886,10735384,377,3.51
Greece,2011,26825,10728724,477,4.45
Greece,2012,23309,10539802,508,4.82
Greece,2013,22994,10431289,533,5.11
Greece,2014,22834,10380547,565,5.44
Greece,2015,18927,10331286,529,5.12
Grenada,1985,1965,85375,1,1.17
Grenada,1988,2707,87300,4,4.58
Grenada,1989,3268,81805,4,4.89
Grenada,1990,3391,82000,2,2.44
Grenada,1991,3650,82400,0,0.0
Grenada,1992,3713,83528,0,0.0
Grenada,1993,3632,85304,3,3.52
Grenada,1994,3735,87036,4,4.6
Grenada,1995,3869,88433,1,1.13
Grenada,1996,4087,89772,1,1.11
Grenada,2001,5693,91415,0,0.0
Grenada,2002,5879,91908,0,0.0
Grenada,2003,6385,92567,4,4.32
Grenada,2004,6428,93202,1,1.07
Grenada,2005,7422,93685,6,6.4
Grenada,2006,7423,94126,1,1.06
Grenada,2007,8035,94418,3,3.18
Grenada,2008,8733,94585,0,0.0
Grenada,2009,8140,94746,0,0.0
Grenada,2010,8118,94980,0,0.0
Grenada,2011,8188,95102,1,1.05
Grenada,2012,8382,95426,2,2.1
Grenada,2013,8789,95876,0,0.0
Grenada,2014,9456,96393,0,0.0
Grenada,2015,10290,96892,0,0.0
Grenada,2016,10838,79012,0,0.0
Guatemala,1986,1044,6924188,203,2.93
Guatemala,1987,997,7108740,241,3.39
Guatemala,1988,1074,7300076,174,2.38
Guatemala,1989,1122,7493108,152,2.03
Guatemala,1990,996,7683992,158,2.06
Guatemala,1991,1194,7880665,156,1.98
Guatemala,1992,1294,8069672,173,2.14
Guatemala,1993,1381,8254958,165,2.0
Guatemala,1994,1538,8443914,142,1.68
Guatemala,1995,1696,8641512,211,2.44
Guatemala,1996,1775,8832326,157,1.78
Guatemala,1997,1967,9044205,179,1.98
Guatemala,1998,2091,9273529,201,2.17
Guatemala,1999,1926,9512666,234,2.46
Guatemala,2000,1977,9755585,182,1.87
Guatemala,2001,1867,10015097,202,2.02
Guatemala,2002,2022,10277166,258,2.51
Guatemala,2003,2079,10542980,253,2.4
Guatemala,2004,2215,10817808,250,2.31
Guatemala,2005,2450,11104906,238,2.14
Guatemala,2006,2653,11397134,298,2.61
Guatemala,2007,2914,11708397,327,2.79
Guatemala,2008,3252,12032885,492,4.09
Guatemala,2009,3053,12359945,511,4.13
Guatemala,2010,3260,12682151,352,2.78
Guatemala,2011,3661,13017342,359,2.76
Guatemala,2012,3779,13335425,420,3.15
Guatemala,2013,3947,13641878,455,3.34
Guatemala,2014,4210,13947190,512,3.67
Guatemala,2015,4472,14258397,494,3.46
Guyana,1988,632,654894,56,8.55
Guyana,1989,581,654104,94,14.37
Guyana,1990,607,653426,89,13.62
Guyana,1991,514,654620,105,16.04
Guyana,1992,561,656713,78,11.88
Guyana,1993,671,658831,72,10.93
Guyana,1994,819,660582,86,13.02
Guyana,1995,939,661682,99,14.96
Guyana,1996,1070,659048,60,9.1
Guyana,1997,1139,657584,40,6.08
Guyana,1998,1092,657089,35,5.33
Guyana,1999,1057,657094,163,24.81
Guyana,2001,1054,660426,197,29.83
Guyana,2002,1090,662839,176,26.55
Guyana,2003,1116,664705,198,29.79
Guyana,2004,1180,666308,186,27.92
Guyana,2005,1235,667709,169,25.31
Guyana,2006,2182,668408,201,30.07
Guyana,2007,2602,668788,185,27.66
Guyana,2008,2873,669253,168,25.1
Guyana,2009,3076,670155,156,23.28
Guyana,2010,3384,671825,205,30.51
Guyana,2011,3815,675283,192,28.43
Guyana,2012,4212,679356,206,30.32
Guyana,2013,4372,683867,210,30.71
Hungary,1991,3561,9757766,3993,40.92
Hungary,1992,3970,9754956,4000,41.0
Hungary,1993,4116,9747902,3694,37.9
Hungary,1994,4431,9740817,3625,37.21
Hungary,1995,4767,9737248,3366,34.57
Hungary,1996,4792,9737250,3436,35.29
Hungary,1997,4856,9737781,3208,32.94
Hungary,1998,5010,9734373,3245,33.34
Hungary,1999,5147,9553064,3326,34.82
Hungary,2000,4966,9527034,3269,34.31
Hungary,2001,5546,9704598,2978,30.69
Hungary,2002,6995,9680164,2839,29.33
Hungary,2003,8840,9652533,2800,29.01
Hungary,2004,10806,9630044,2742,28.47
Hungary,2005,11764,9608943,2619,27.26
Hungary,2006,12021,9591110,2461,25.66
Hungary,2007,14609,9572938,2450,25.59
Hungary,2008,16540,9552784,2476,25.92
Hungary,2009,13697,9534237,2460,25.8
Hungary,2010,13761,9514005,2489,26.16
Hungary,2011,14827,9495011,2420,25.49
Hungary,2012,13525,9453181,2349,24.85
Hungary,2013,14333,9433840,2092,22.18
Hungary,2014,14886,9412788,1925,20.45
Hungary,2015,13087,9389519,1868,19.89
Hungary,2016,13448,8390370,1761,20.99
Iceland,1985,13357,220100,32,14.54
Iceland,1986,17681,222300,37,16.64
Iceland,1987,24107,225600,36,15.96
Iceland,1988,26249,229200,35,15.27
Iceland,1989,24089,232000,22,9.48
Iceland,1990,27316,233300,40,17.15
Iceland,1991,28857,235900,37,15.68
Iceland,1992,29311,238000,28,11.76
Iceland,1993,25474,240500,26,10.81
Iceland,1994,25937,242700,25,10.3
Iceland,1995,28680,244700,27,11.03
Iceland,1996,29740,246500,33,13.39
Iceland,1997,30326,248929,33,13.26
Iceland,1998,33513,252253,30,11.89
Iceland,1999,34858,255820,31,12.12
Iceland,2000,34372,259723,50,19.25
Iceland,2001,30850,263738,36,13.65
Iceland,2002,34556,266455,30,11.26
Iceland,2003,42174,268330,26,9.69
Iceland,2004,50528,271588,35,12.89
Iceland,2005,60712,274929,33,12.0
Iceland,2006,60243,282999,32,11.31
Iceland,2007,73590,289712,37,12.77
Iceland,2008,59489,296836,38,12.8
Iceland,2009,43700,296204,36,12.15
Iceland,2010,45179,294620,46,15.61
Iceland,2011,49861,295475,27,9.14
Iceland,2012,48083,297238,37,12.45
Iceland,2013,51749,300456,49,16.31
Iceland,2014,56833,304472,44,14.45
Iceland,2015,54909,308554,40,12.96
Iceland,2016,64708,268773,40,14.88
Ireland,1985,6638,3208200,276,8.6
Ireland,1986,8937,3216700,282,8.77
Ireland,1987,10515,3229700,245,7.59
Ireland,1988,11696,3233500,266,8.23
Ireland,1989,12188,3223200,278,8.62
Ireland,1990,15312,3224000,334,10.36
Ireland,1991,15328,3252100,345,10.61
Ireland,1992,17051,3283400,362,11.03
Ireland,1993,15872,3306500,326,9.86
Ireland,1994,17188,3326000,394,11.85
Ireland,1995,20689,3345900,403,12.04
Ireland,1996,22478,3375800,408,12.09
Ireland,1997,24259,3414285,466,13.65
Ireland,1998,26115,3449415,498,14.44
Ireland,1999,28344,3481871,424,12.18
Ireland,2000,28340,3523376,463,13.14
Ireland,2001,30536,3573974,488,13.65
Ireland,2002,35154,3639573,449,12.34
Ireland,2003,44473,3694079,454,12.29
Ireland,2004,51662,3752679,464,12.36
Ireland,2005,55213,3833357,451,11.77
Ireland,2006,58941,3937578,452,11.48
Ireland,2007,67032,4026707,458,11.37
Ireland,2008,67173,4094192,506,12.36
Ireland,2009,57390,4117667,527,12.8
Ireland,2010,52042,4264857,486,11.4
Ireland,2011,56655,4218849,554,13.13
Ireland,2012,53443,4220806,542,12.84
Ireland,2013,56628,4227378,487,11.52
Ireland,2014,59634,4328043,486,11.23
Israel,1985,7325,3753500,234,6.23
Israel,1986,8938,3813500,278,7.29
Israel,1987,10558,3878100,271,6.99
Israel,1988,12687,3947300,303,7.68
Israel,1989,12405,4021100,353,8.78
Israel,1990,14193,4156100,304,7.31
Israel,1991,15267,4423200,359,8.12
Israel,1992,16469,4588900,381,8.3
Israel,1993,16102,4717000,371,7.87
Israel,1994,17814,4844900,416,8.59
Israel,1995,20159,4977700,360,7.23
Israel,1996,21545,5103700,306,6.0
Israel,1997,21921,5233500,379,7.24
Israel,1998,21637,5360200,318,5.93
Israel,1999,21319,5497047,368,6.69
Israel,2000,23451,5643291,394,6.98
Israel,2001,22623,5777467,398,6.89
Israel,2002,20536,5895508,382,6.48
Israel,2003,21133,6003127,417,6.95
Israel,2004,22168,6109931,411,6.73
Israel,2005,22901,6220861,425,6.83
Israel,2006,24306,6334485,367,5.79
Israel,2007,27712,6448814,326,5.06
Israel,2008,32874,6565602,354,5.39
Israel,2009,30812,6731835,404,6.0
Israel,2010,34104,6849825,480,7.01
Israel,2011,37528,6971495,409,5.87
Israel,2012,36263,7095360,430,6.06
Israel,2013,40477,7226008,372,5.15
Israel,2014,41869,7366252,382,5.19
Israel,2015,39793,7516180,342,4.55
Italy,1985,8329,54114700,4759,8.79
Italy,1986,11762,54267500,4691,8.64
Italy,1987,14756,54424100,4516,8.3
Italy,1988,16282,54579700,4381,8.03
Italy,1989,16922,54697200,4342,7.94
Italy,1990,21472,54831700,4402,8.03
Italy,1991,22805,54465500,4453,8.18
Italy,1992,24297,54154898,4543,8.39
Italy,1993,19605,54140523,4697,8.68
Italy,1994,20235,54143049,4536,8.38
Italy,1995,21625,54141172,4569,8.44
Italy,1996,24172,54150332,4689,8.66
Italy,1997,22869,54181477,4694,8.66
Italy,1998,23342,54250592,4504,8.3
Italy,1999,23002,54280527,4115,7.58
Italy,2000,21027,54298946,4108,7.57
Italy,2001,21392,54333844,4030,7.42
Italy,2002,23227,54526842,4069,7.46
Italy,2003,28572,54937570,4075,7.42
Italy,2004,32704,54988156,3986,7.25
Italy,2005,33536,55244690,3742,6.77
Italy,2006,34578,56180672,3700,6.59
Italy,2007,38935,56583578,3757,6.64
Italy,2008,41935,57009825,3904,6.85
Italy,2009,38101,57351830,3974,6.93
Italy,2010,36869,57637843,3989,6.92
Italy,2011,40210,56610149,4153,7.34
Italy,2012,36497,56795085,4257,7.5
Italy,2013,37050,57503331,4290,7.46
Italy,2014,37035,58100676,4147,7.14
Italy,2015,31537,58117697,3988,6.86
Jamaica,1985,1032,2035000,8,0.39
Jamaica,1986,1342,2052531,1,0.05
Jamaica,1987,1587,2070760,13,0.63
Jamaica,1988,1831,2090603,5,0.24
Jamaica,1989,2087,2111039,0,0.0
Jamaica,1990,2155,2131041,3,0.14
Jamaica,1991,1889,2154835,1,0.05
Jamaica,2000,3795,2367841,3,0.13
Jamaica,2001,3838,2391278,5,0.21
Jamaica,2002,4013,2415717,2,0.08
Jamaica,2003,3852,2440426,2,0.08
Jamaica,2004,4119,2464408,1,0.04
Jamaica,2005,4505,2487169,51,2.05
Jamaica,2006,4738,2512597,0,0.0
Jamaica,2009,4686,2568883,36,1.4
Jamaica,2010,5100,2586652,3,0.12
Jamaica,2011,5552,2601037,50,1.92
Japan,1985,12401,112809200,23257,20.62
Japan,1986,18288,113679000,25484,22.42
Japan,1987,22137,114416000,23663,20.68
Japan,1988,26687,115101000,22676,19.7
Japan,1989,26389,115766000,21013,18.15
Japan,1990,26949,116251400,20002,17.21
Japan,1991,30688,116802000,19780,16.93
Japan,1992,33320,117311000,20756,17.69
Japan,1993,37832,117735000,20353,17.29
Japan,1994,41563,118064000,20744,17.57
Japan,1995,46043,118349500,21249,17.95
Japan,1996,40693,118785000,21967,18.49
Japan,1997,37080,119060000,23280,19.55
Japan,1998,33791,119338000,31458,26.36
Japan,1999,38164,119540000,31115,26.03
Japan,2000,40813,119752660,29989,25.04
Japan,2001,35843,120066000,29132,24.26
Japan,2002,34239,120189000,29715,24.72
Japan,2003,36926,120395000,31881,26.48
Japan,2004,39960,120500000,30034,24.92
Japan,2005,39412,120657507,30369,25.17
Japan,2006,37534,120702000,29769,24.66
Japan,2007,37408,120704000,30665,25.41
Japan,2008,41773,120602000,30073,24.94
Japan,2009,43415,120496000,30523,25.33
Japan,2010,47059,121127267,29411,24.28
Japan,2011,50919,120927000,28766,23.79
Japan,2012,51379,120735000,26338,21.81
Japan,2013,42781,120514000,25991,21.57
Japan,2014,40328,120274000,24357,20.25
Japan,2015,36510,120376310,23092,19.18
Kazakhstan,1990,1823,14773900,3172,21.47
Kazakhstan,1991,1664,14952800,3082,20.61
Kazakhstan,1992,1644,15150100,3356,22.15
Kazakhstan,1993,1527,15331400,4019,26.21
Kazakhstan,1994,1395,15229600,4024,26.42
Kazakhstan,1995,1359,14989600,4706,31.4
Kazakhstan,1996,1452,14487700,4773,32.95
Kazakhstan,1997,1540,14394600,4642,32.25
Kazakhstan,1998,1599,13844200,4313,31.15
Kazakhstan,1999,1225,13773400,3991,28.98
Kazakhstan,2000,1328,13772422,4428,32.15
Kazakhstan,2001,1608,13772696,4377,31.78
Kazakhstan,2002,1788,13777476,4240,30.77
Kazakhstan,2003,2232,13811863,4321,31.28
Kazakhstan,2004,3110,13873328,4394,31.67
Kazakhstan,2005,4096,13947770,3903,27.98
Kazakhstan,2006,5770,14037676,4076,29.04
Kazakhstan,2007,7423,14125606,4141,29.32
Kazakhstan,2008,9387,14216053,3997,28.12
Kazakhstan,2009,8024,14370635,3838,26.71
Kazakhstan,2010,10062,14713167,3609,24.53
Kazakhstan,2011,12969,14853350,3401,22.9
Kazakhstan,2012,13845,15023549,3240,21.57
Kazakhstan,2013,15552,15215382,3512,23.08
Kazakhstan,2014,14351,15428844,3119,20.22
Kazakhstan,2015,11784,15646752,2872,18.36
Kiribati,1991,768,61855,10,16.17
Kiribati,1992,759,62856,4,6.36
Kiribati,1993,735,63848,12,18.79
Kiribati,1994,845,64871,10,15.42
Kiribati,1995,855,65923,2,3.03
Kiribati,1996,991,67126,6,8.94
Kiribati,1997,988,68328,5,7.32
Kiribati,1998,939,69570,4,5.75
Kiribati,1999,973,70938,0,0.0
Kiribati,2000,928,72440,0,0.0
Kiribati,2001,854,73851,0,0.0
Kuwait,1985,14607,1468000,17,1.16
Kuwait,1986,11661,1535300,16,1.04
Kuwait,1987,13924,1606300,16,1.0
Kuwait,1993,18798,1273600,18,1.41
Kuwait,1994,17161,1448000,30,2.07
Kuwait,1995,17995,1511100,26,1.72
Kuwait,1996,20076,1568700,30,1.91
Kuwait,1997,18766,1617500,33,2.04
Kuwait,1998,14209,1825766,35,1.92
Kuwait,1999,15864,1898700,46,2.42
Kuwait,2000,19112,1973153,34,1.72
Kuwait,2001,17116,2038530,30,1.47
Kuwait,2002,17668,2158603,45,2.08
Kuwait,2003,24544,1950622,44,2.26
Kuwait,2004,29778,1996086,45,2.25
Kuwait,2005,39166,2062968,52,2.52
Kuwait,2006,46890,2165713,45,2.08
Kuwait,2007,37283,3074918,51,1.66
Kuwait,2008,43746,3369394,47,1.39
Kuwait,2009,33453,3165654,61,1.93
Kuwait,2010,35171,3281614,39,1.19
Kuwait,2011,46203,3333698,41,1.23
Kuwait,2012,49781,3496698,56,1.6
Kuwait,2013,48729,3574090,41,1.15
Kuwait,2014,43774,3715284,68,1.83
Kyrgyzstan,1990,715,3737300,547,14.64
Kyrgyzstan,1991,677,3796500,543,14.3
Kyrgyzstan,1992,603,3839300,491,12.79
Kyrgyzstan,1993,528,3841200,563,14.66
Kyrgyzstan,1994,437,3851100,581,15.09
Kyrgyzstan,1995,425,3905400,605,15.49
Kyrgyzstan,1996,459,3978800,480,12.06
Kyrgyzstan,1997,435,4059900,496,12.22
Kyrgyzstan,1998,398,4139700,509,12.3
Kyrgyzstan,1999,291,4298100,556,12.94
Kyrgyzstan,2000,313,4369202,510,11.67
Kyrgyzstan,2001,345,4425784,560,12.65
Kyrgyzstan,2002,359,4473163,567,12.68
Kyrgyzstan,2003,424,4520843,479,10.6
Kyrgyzstan,2004,484,4572278,438,9.58
Kyrgyzstan,2005,533,4614533,470,10.19
Kyrgyzstan,2006,610,4646475,463,9.96
Kyrgyzstan,2007,814,4668640,482,10.32
Kyrgyzstan,2008,1096,4690924,473,10.08
Kyrgyzstan,2009,977,4800134,458,9.54
Kyrgyzstan,2010,991,4837556,500,10.34
Kyrgyzstan,2011,1273,4870538,471,9.67
Kyrgyzstan,2012,1339,4932360,524,10.62
Kyrgyzstan,2013,1463,5012200,446,8.9
Kyrgyzstan,2014,1465,5096430,461,9.05
Kyrgyzstan,2015,1285,5195827,417,8.03
Latvia,1995,2438,2374700,1024,43.12
Latvia,1996,2526,2363400,922,39.01
Latvia,1997,2771,2354700,886,37.63
Latvia,1998,3061,2344100,839,35.79
Latvia,1999,3228,2333400,763,32.7
Latvia,2000,3494,2272107,770,33.89
Latvia,2001,3724,2242227,708,31.58
Latvia,2002,4311,2214484,670,30.26
Latvia,2003,5364,2190211,604,27.58
Latvia,2004,6644,2163477,563,26.02
Latvia,2005,7916,2137831,564,26.38
Latvia,2006,10139,2115215,487,23.02
Latvia,2007,14758,2093878,453,21.63
Latvia,2008,17217,2067529,527,25.49
Latvia,2009,12890,2030316,516,25.41
Latvia,2010,11951,1987906,438,22.03
Latvia,2011,14447,1953611,440,22.52
Latvia,2012,14558,1931521,444,22.99
Latvia,2013,15820,1912464,383,20.03
Latvia,2014,16544,1894041,382,20.17
Latvia,2015,14382,1875522,387,20.63
Lithuania,1995,2324,3387149,1694,50.01
Lithuania,1996,2484,3375163,1722,51.02
Lithuania,1997,3008,3364273,1632,48.51
Lithuania,1998,3354,3350973,1553,46.34
Lithuania,1999,3292,3333452,1550,46.5
Lithuania,2000,3481,3315125,1631,49.2
Lithuania,2001,3719,3294138,1533,46.54
Lithuania,2002,4360,3274488,1551,47.37
Lithuania,2003,5778,3254127,1455,44.71
Lithuania,2004,7028,3222969,1380,42.82
Lithuania,2005,8229,3174728,1319,41.55
Lithuania,2006,9667,3125767,1049,33.56
Lithuania,2007,12869,3087867,1025,33.19
Lithuania,2008,15669,3053756,1111,36.38
Lithuania,2009,12412,3016497,1138,37.73
Lithuania,2010,12584,2949737,1018,34.51
Lithuania,2011,15097,2879805,1018,35.35
Lithuania,2012,15099,2837770,927,32.67
Lithuania,2013,16538,2806627,1085,38.66
Lithuania,2014,17442,2781577,930,33.43
Lithuania,2015,15073,2753926,896,32.54
Lithuania,2016,15742,2445296,822,33.62
Luxembourg,1985,13743,344800,55,15.95
Luxembourg,1986,20004,346000,51,14.74
Luxembourg,1987,24654,349400,74,21.18
Luxembourg,1988,27676,352300,69,19.59
Luxembourg,1989,29239,355400,73,20.54
Luxembourg,1990,36871,358800,68,18.95
Luxembourg,1991,39465,362900,77,21.22
Luxembourg,1992,43740,367300,59,16.06
Luxembourg,1993,44320,372000,64,17.2
Luxembourg,1994,48610,377000,74,19.63
Luxembourg,1995,56499,382100,63,16.49
Luxembourg,1996,56169,387700,72,18.57
Luxembourg,1997,50260,392600,81,20.63
Luxembourg,1998,50788,397915,64,16.08
Luxembourg,1999,55054,403890,70,17.33
Luxembourg,2000,51841,410164,62,15.12
Luxembourg,2001,51391,413930,73,17.64
Luxembourg,2002,56484,418106,85,20.33
Luxembourg,2003,69768,423654,48,11.33
Luxembourg,2004,80639,430128,62,14.41
Luxembourg,2005,85397,437338,49,11.2
Luxembourg,2006,95351,444821,65,14.61
Luxembourg,2007,112581,452012,78,17.26
Luxembourg,2008,121315,460371,43,9.34
Luxembourg,2009,109483,469209,48,10.23
Luxembourg,2010,111328,477979,54,11.3
Luxembourg,2011,122729,488918,55,11.25
Luxembourg,2012,113120,501044,51,10.18
Luxembourg,2013,120423,512689,40,7.8
Luxembourg,2014,126352,524940,67,12.76
Luxembourg,2015,107456,537748,64,11.9
Macau,1994,18081,346542,27,7.79
Maldives,2000,2524,247387,0,0.0
Maldives,2001,3406,255503,3,1.17
Maldives,2002,3401,263747,3,1.14
Maldives,2003,3867,272110,4,1.47
Maldives,2004,4373,280526,1,0.36
Maldives,2005,4026,288936,1,0.35
Maldives,2007,6115,305536,5,1.64
Maldives,2008,7236,313924,0,0.0
Maldives,2010,7806,331559,1,0.3
Maldives,2011,8135,341018,2,0.59
Malta,1985,3639,307200,2,0.65
Malta,1986,4544,315800,1,0.32
Malta,1987,5517,317400,1,0.32
Malta,1988,6295,320800,9,2.81
Malta,1989,6539,324000,23,7.1
Malta,1990,7780,327400,8,2.44
Malta,1991,8313,330800,10,3.02
Malta,1992,9040,334300,18,5.38
Malta,1993,8022,337700,16,4.74
Malta,1994,8775,341700,15,4.39
Malta,1995,9974,344900,17,4.93
Malta,1996,10254,348200,10,2.87
Malta,1997,10575,350400,15,4.28
Malta,1998,11103,353400,12,3.4
Malta,1999,11607,355600,27,7.59
Malta,2000,11873,362676,23,6.34
Malta,2001,11691,370541,30,8.1
Malta,2002,12524,374456,19,5.07
Malta,2003,14444,377785,20,5.29
Malta,2004,15916,380918,24,6.3
Malta,2005,16648,384111,19,4.95
Malta,2006,17504,386038,26,6.74
Malta,2007,20333,387581,26,6.71
Malta,2008,23007,390195,14,3.59
Malta,2009,21695,393102,36,9.16
Malta,2010,22132,394949,31,7.85
Malta,2011,23984,396423,20,5.05
Malta,2012,23074,399138,25,6.26
Malta,2013,25191,402728,22,5.46
Malta,2014,27634,406525,32,7.87
Malta,2015,25750,410637,34,8.28
Mauritius,1985,1223,883400,104,11.77
Mauritius,1986,1636,898100,28,3.12
Mauritius,1987,2073,911300,140,15.36
Mauritius,1988,2317,925000,167,18.05
Mauritius,1989,2349,932900,144,15.44
Mauritius,1990,2820,941100,147,15.62
Mauritius,1991,3045,938100,137,14.6
Mauritius,1992,3400,948300,146,15.4
Mauritius,1993,3405,958300,138,14.4
Mauritius,1994,3658,972800,129,13.26
Mauritius,1995,4115,981900,147,14.97
Mauritius,1996,4444,995000,153,15.38
Mauritius,1997,4139,1011700,122,12.06
Mauritius,1998,4063,1026300,155,15.1
Mauritius,1999,4117,1042400,174,16.69
Mauritius,2000,4339,1056073,137,12.97
Mauritius,2001,4244,1068947,113,10.57
Mauritius,2002,4415,1079755,131,12.13
Mauritius,2003,5136,1092234,88,8.06
Mauritius,2004,5789,1103091,97,8.79
Mauritius,2005,5641,1113942,102,9.16
Mauritius,2006,6246,1125301,118,10.49
Mauritius,2007,7179,1135233,127,11.19
Mauritius,2008,8716,1146258,84,7.33
Mauritius,2009,7873,1159551,115,9.92
Mauritius,2010,8587,1164931,98,8.41
Mauritius,2011,9817,1173352,118,10.06
Mauritius,2012,9884,1180547,115,9.74
Mauritius,2013,10572,1147390,98,8.54
Mauritius,2014,11120,1151424,120,10.42
Mauritius,2015,10125,1154848,104,9.01
Mauritius,2016,10570,992432,98,9.87
Mexico,1985,2730,67566000,1544,2.29
Mexico,1986,1873,69123500,1714,2.48
Mexico,1987,2064,67948100,1701,2.5
Mexico,1988,2630,69646000,1703,2.45
Mexico,1989,3125,71359000,1865,2.61
Mexico,1990,3595,73076900,1926,2.64
Mexico,1991,4204,74796300,2103,2.81
Mexico,1992,4830,75285800,2237,2.97
Mexico,1993,6518,76826800,2342,3.05
Mexico,1994,6735,78374100,2588,3.3
Mexico,1995,4505,79927100,2877,3.6
Mexico,1996,4904,83802294,3008,3.59
Mexico,1997,5864,85340880,3350,3.93
Mexico,1998,6064,86825678,3312,3.81
Mexico,1999,6800,88271977,3327,3.77
Mexico,2000,7892,89694793,3456,3.85
Mexico,2001,8311,91052714,3760,4.13
Mexico,2002,8357,92394316,3826,4.14
Mexico,2003,7779,93758859,4070,4.34
Mexico,2004,8217,95193068,4056,4.26
Mexico,2005,9071,96730008,4274,4.42
Mexico,2006,9906,98468839,4230,4.3
Mexico,2007,10496,100294297,4285,4.27
Mexico,2008,10864,102170587,4642,4.54
Mexico,2009,8651,104044342,5023,4.83
Mexico,2010,9991,105875861,4858,4.59
Mexico,2011,10965,107655100,5558,5.16
Mexico,2012,10982,109368765,5381,4.92
Mexico,2013,11478,111036708,5711,5.14
Mexico,2014,11663,112692589,6178,5.48
Mexico,2015,10228,114357884,6234,5.45
Mongolia,2016,4145,2167589,423,19.51
Montenegro,2000,1701,578668,0,0.0
Montenegro,2001,2004,578668,0,0.0
Montenegro,2002,2220,578668,0,0.0
Montenegro,2003,2946,579688,0,0.0
Montenegro,2004,3565,581623,0,0.0
Montenegro,2005,3870,583232,118,20.23
Montenegro,2006,4654,584885,0,0.0
Montenegro,2007,6268,587244,121,20.6
Montenegro,2008,7705,589953,126,21.36
Montenegro,2009,7023,592234,107,18.07
Netherlands,1985,10428,13618300,1638,12.03
Netherlands,1986,14479,13695500,1604,11.71
Netherlands,1987,17560,13777000,1616,11.73
Netherlands,1988,18661,13855700,1523,10.99
Netherlands,1989,18310,13929300,1520,10.91
Netherlands,1990,22425,14014300,1450,10.35
Netherlands,1991,22906,14114800,1611,11.41
Netherlands,1992,25205,14216900,1587,11.16
Netherlands,1993,24385,14313600,1555,10.86
Netherlands,1994,25997,14397700,1584,11.0
Netherlands,1995,30850,14474000,1511,10.44
Netherlands,1996,30625,14553700,1577,10.84
Netherlands,1997,28156,14639900,1572,10.74
Netherlands,1998,29351,14734600,1519,10.31
Netherlands,1999,29799,14832000,1519,10.24
Netherlands,2000,27644,14933235,1501,10.05
Netherlands,2001,28366,15038337,1474,9.8
Netherlands,2002,30757,15130318,1570,10.38
Netherlands,2003,37614,15203397,1502,9.88
Netherlands,2004,42614,15265861,1514,9.92
Netherlands,2005,44289,15320595,1574,10.27
Netherlands,2006,47281,15368697,1525,9.92
Netherlands,2007,54418,15425404,1354,8.78
Netherlands,2008,60375,15506963,1439,9.28
Netherlands,2009,54988,15602176,1530,9.81
Netherlands,2010,53302,15691409,1604,10.22
Netherlands,2011,56667,15772162,1650,10.46
Netherlands,2012,52334,15839503,1756,11.09
Netherlands,2013,54510,15899508,1856,11.67
Netherlands,2014,55325,15899508,1839,11.57
Netherlands,2015,47206,16057342,1873,11.66
Netherlands,2016,48108,14239554,1886,13.24
New Zealand,1985,8246,3025800,338,11.17
New Zealand,1986,10114,3026100,414,13.68
New Zealand,1987,13238,3047100,463,15.19
New Zealand,1988,14890,3055200,484,15.84
New Zealand,1989,14417,3063800,465,15.18
New Zealand,1990,14734,3089400,455,14.73
New Zealand,1991,13345,3203900,474,14.79
New Zealand,1992,12868,3235600,493,15.24
New Zealand,1993,14271,3273200,443,13.53
New Zealand,1994,16615,3319500,512,15.42
New Zealand,1995,18945,3373800,545,16.15
New Zealand,1996,20434,3432500,540,15.73
New Zealand,1997,19041,3470200,562,16.2
New Zealand,1998,16052,3502800,574,16.39
New Zealand,1999,16556,3549300,516,14.54
New Zealand,2000,14725,3573690,458,12.82
New Zealand,2001,14968,3599090,508,14.11
New Zealand,2002,18208,3659190,467,12.76
New Zealand,2003,23663,3729420,519,13.92
New Zealand,2004,27325,3802510,495,13.02
New Zealand,2005,29803,3849280,514,13.35
New Zealand,2006,28628,3898600,527,13.52
New Zealand,2007,34892,3935450,494,12.55
New Zealand,2008,33585,3968450,520,13.1
New Zealand,2009,30259,4009980,512,12.77
New Zealand,2010,36145,4055470,536,13.22
New Zealand,2011,41184,4090460,493,12.05
New Zealand,2012,42756,4120870,549,13.32
New Zealand,2013,46198,4129770,513,12.42
Nicaragua,2010,1715,5107427,351,6.87
Nicaragua,2011,1888,5177921,369,7.13
Nicaragua,2012,2006,5251443,316,6.02
Nicaragua,2013,2062,5326935,351,6.59
Nicaragua,2014,2199,5402424,311,5.76
Nicaragua,2015,2303,5476483,315,5.75
Norway,1986,20117,3911700,579,14.8
Norway,1987,23980,3929500,649,16.52
Norway,1988,25820,3946600,708,17.94
Norway,1989,25945,3955800,660,16.68
Norway,1990,30240,3961300,659,16.64
Norway,1991,30678,3972600,675,16.99
Norway,1992,32793,3989800,616,15.44
Norway,1993,30066,4010500,590,14.71
Norway,1994,31520,4033300,531,13.17
Norway,1995,37483,4055900,548,13.51
Norway,1996,40098,4078000,517,12.68
Norway,1997,39335,4102100,533,12.99
Norway,1998,37334,4129400,548,13.27
Norway,1999,39013,4159745,583,14.02
Norway,2000,41099,4168315,541,12.98
Norway,2001,41281,4215103,549,13.02
Norway,2002,46049,4243689,494,11.64
Norway,2003,53533,4273124,502,11.75
Norway,2004,61450,4301960,529,12.3
Norway,2005,71215,4335092,533,12.3
Norway,2006,79007,4372103,532,12.17
Norway,2007,90797,4417369,485,10.98
Norway,2008,103431,4472089,505,11.29
Norway,2009,85394,4527536,573,12.66
Norway,2010,93638,4582885,548,11.96
Norway,2011,107430,4643300,598,12.88
Norway,2012,108408,4706585,515,10.94
Norway,2013,109804,4767605,554,11.62
Norway,2014,103443,4827178,548,11.35
Norway,2015,79187,4882909,590,12.08
Oman,2009,18557,2607549,13,0.5
Oman,2010,21337,2748440,13,0.47
Oman,2014,22328,3631098,7,0.19
Panama,1985,3443,1899700,56,2.95
Panama,1986,3504,1939900,82,4.23
Panama,1987,3447,1980800,85,4.29
Panama,1988,2859,2064310,87,4.21
Panama,1989,2802,2112479,70,3.31
Panama,1996,3992,2472851,113,4.57
Panama,1997,4227,2526210,145,5.74
Panama,1998,4488,2579433,148,5.74
Panama,1999,4606,2633348,143,5.43
Panama,2000,4577,2688510,143,5.32
Panama,2001,4558,2742982,162,5.91
Panama,2002,4641,2800046,160,5.71
Panama,2003,4790,2858964,195,6.82
Panama,2004,5144,2918453,186,6.37
Panama,2005,5499,2977595,172,5.78
Panama,2006,5972,3037959,185,6.09
Panama,2007,6876,3097138,171,5.52
Panama,2008,7972,3155636,186,5.89
Panama,2009,8436,3214513,177,5.51
Panama,2010,8991,3274415,151,4.61
Panama,2011,10403,3334191,144,4.32
Panama,2012,11908,3395244,135,3.98
Panama,2013,13189,3457387,130,3.76
Panama,2014,14181,3520213,147,4.18
Panama,2015,15158,3583382,110,3.07
Paraguay,1985,964,3077314,63,2.05
Paraguay,1986,1086,3167535,56,1.77
Paraguay,1987,1158,3261975,62,1.9
Paraguay,1989,1330,3459176,67,1.94
Paraguay,1990,1600,3560229,99,2.78
Paraguay,1991,1907,3662812,75,2.05
Paraguay,1994,1981,3972517,108,2.72
Paraguay,1995,2223,4076758,118,2.89
Paraguay,1996,2341,4181422,99,2.37
Paraguay,1997,2326,4284973,126,2.94
Paraguay,1998,2057,4388094,138,3.14
Paraguay,1999,1868,4492220,161,3.58
Paraguay,2000,1782,4598158,154,3.35
Paraguay,2001,1630,4701314,152,3.23
Paraguay,2002,1315,4809921,177,3.68
Paraguay,2003,1339,4920489,174,3.54
Paraguay,2004,1598,5027301,234,4.65
Paraguay,2005,1704,5126457,239,4.66
Paraguay,2006,2038,5223460,251,4.81
Paraguay,2007,2599,5307169,227,4.28
Paraguay,2008,3438,5382169,222,4.12
Paraguay,2009,2920,5456220,283,5.19
Paraguay,2010,3619,5534703,223,4.03
Paraguay,2011,4474,5610499,298,5.31
Paraguay,2012,4319,5695283,275,4.83
Paraguay,2013,5006,5786207,323,5.58
Paraguay,2014,5254,5877594,379,6.45
Philippines,1992,958,55304684,347,0.63
Philippines,1993,957,56781569,846,1.49
Philippines,1997,1312,62772694,814,1.3
Philippines,1998,1124,64252614,883,1.37
Philippines,1999,1262,65740201,1043,1.59
Philippines,2000,1205,67243482,1403,2.09
Philippines,2001,1109,68738092,1204,1.75
Philippines,2002,1158,70256443,1301,1.85
Philippines,2003,1169,71781489,1544,2.15
Philippines,2006,1599,76435755,1788,2.34
Philippines,2007,1915,78008654,1698,2.18
Philippines,2008,2188,79595888,1820,2.29
Philippines,2009,2073,81193855,2074,2.55
Philippines,2010,2412,82760992,2116,2.56
Philippines,2011,2662,84201767,2449,2.91
Poland,1990,1876,35164800,4970,14.13
Poland,1991,2416,35396300,5316,15.02
Poland,1992,2650,35605400,5713,16.05
Poland,1993,2683,35792600,5624,15.71
Poland,1994,3081,35960000,5519,15.35
Poland,1995,3937,36104900,5499,15.23
Poland,1996,4413,36243300,5446,15.03
Poland,1999,4640,36575200,5779,15.8
Poland,2000,4744,36233344,5841,16.12
Poland,2001,5249,36295390,5855,16.13
Poland,2002,5466,36347498,5925,16.3
Poland,2003,5983,36353775,5836,16.05
Poland,2004,7014,36371596,6072,16.69
Poland,2005,8417,36371365,6045,16.62
Poland,2006,9485,36348232,5805,15.97
Poland,2007,11816,36310843,5284,14.55
Poland,2008,14721,36262711,5682,15.67
Poland,2009,12141,36223402,6477,17.88
Poland,2010,13304,36027791,6357,17.64
Poland,2011,14686,36008237,6113,16.98
Poland,2012,13894,36013446,6368,17.68
Poland,2013,14552,36023694,6218,17.26
Poland,2014,15119,36059630,5934,16.46
Poland,2015,13228,36086575,5420,15.02
Portugal,1985,2912,9313930,983,10.55
Portugal,1986,4145,9349248,941,10.06
Portugal,1987,5138,9378989,960,10.24
Portugal,1988,5995,9400481,819,8.71
Portugal,1989,6436,9415270,747,7.93
Portugal,1990,8356,9420814,870,9.23
Portugal,1991,9483,9410507,942,10.01
Portugal,1992,11445,9401557,866,9.21
Portugal,1993,10098,9410082,780,8.29
Portugal,1994,10566,9436009,762,8.08
Portugal,1995,12469,9473844,809,8.54
Portugal,1996,12887,9515960,653,6.86
Portugal,1997,12237,9564579,628,6.57
Portugal,1998,12892,9617110,556,5.78
Portugal,1999,13180,9671357,545,5.64
Portugal,2000,12152,9740085,524,5.38
Portugal,2001,12391,9809536,761,7.76
Portugal,2002,13614,9859832,1210,12.27
Portugal,2003,16671,9895009,1156,11.68
Portugal,2007,24003,10005713,1020,10.19
Portugal,2008,26121,10030640,1038,10.35
Portugal,2009,24254,10049918,1025,10.2
Portugal,2010,23673,10066628,1099,10.92
Portugal,2011,24337,10062815,1017,10.11
Portugal,2012,21573,10029396,1076,10.73
Portugal,2013,22641,9985074,1052,10.54
Portugal,2014,23091,9944433,1222,12.29
Puerto Rico,1985,6582,3082500,269,8.73
Puerto Rico,1986,7002,3143200,310,9.86
Puerto Rico,1987,7533,3189400,272,8.53
Puerto Rico,1988,8155,3235600,314,9.7
Puerto Rico,1989,8576,3283800,327,9.96
Puerto Rico,1990,9552,3204000,371,11.58
Puerto Rico,1991,9974,3237200,355,10.97
Puerto Rico,1992,10533,3287900,314,9.55
Puerto Rico,1993,11146,3312472,345,10.42
Puerto Rico,1994,11871,3343624,355,10.62
Puerto Rico,1995,12636,3375154,289,8.56
Puerto Rico,1996,13328,3401823,331,9.73
Puerto Rico,1997,14037,3432757,273,7.95
Puerto Rico,1998,15610,3464834,321,9.26
Puerto Rico,1999,16560,3492721,289,8.27
Puerto Rico,2000,17569,3511947,305,8.68
Puerto Rico,2001,19649,3522212,289,8.21
Puerto Rico,2002,20325,3523951,239,6.78
Puerto Rico,2003,21264,3519026,262,7.45
Puerto Rico,2004,22874,3511462,279,7.95
Puerto Rico,2005,23944,3504599,289,8.25
Puerto Rico,2006,24943,3499036,265,7.57
Puerto Rico,2007,25625,3493631,271,7.76
Puerto Rico,2008,26840,3488811,300,8.6
Puerto Rico,2009,27661,3484474,330,9.47
Puerto Rico,2010,28267,3480379,286,8.22
Puerto Rico,2011,28876,3475298,258,7.42
Puerto Rico,2012,29247,3472672,248,7.14
Puerto Rico,2013,29510,3471665,241,6.94
Puerto Rico,2014,29515,3470956,220,6.34
Puerto Rico,2015,29728,3469521,226,6.51
Qatar,1995,17559,463449,0,0.0
Qatar,2001,32510,539483,23,4.26
Qatar,2004,45517,697191,21,3.01
Qatar,2005,55899,796618,17,2.13
Qatar,2006,64762,940090,29,3.08
Qatar,2007,71460,1115479,41,3.68
Qatar,2008,87961,1310465,33,2.52
Qatar,2009,64911,1506649,44,2.92
Qatar,2010,74055,1689592,47,2.78
Qatar,2011,90490,1854081,50,2.7
Qatar,2012,93270,2003149,43,2.15
Qatar,2013,93066,2135349,37,1.73
Qatar,2014,91587,2251682,55,2.44
Qatar,2015,69937,2354147,66,2.8
Qatar,2016,62484,2213121,68,3.07
Republic of Korea,1985,2731,36716700,3689,10.05
Republic of Korea,1986,3078,37540400,3458,9.21
Republic of Korea,1987,3834,38114900,3301,8.66
Republic of Korea,1988,5089,38700500,2949,7.62
Republic of Korea,1989,6217,39171500,3023,7.72
Republic of Korea,1990,7056,39589500,3159,7.98
Republic of Korea,1991,8145,39993700,3069,7.67
Republic of Korea,1992,8671,40371200,3533,8.75
Republic of Korea,1993,9479,40754800,4124,10.12
Republic of Korea,1994,11073,41145300,4212,10.24
Republic of Korea,1995,13217,42076400,4841,11.51
Republic of Korea,1996,14071,42507100,5857,13.78
Republic of Korea,1997,12978,42956100,6024,14.02
Republic of Korea,1998,8624,43395700,8569,19.75
Republic of Korea,1999,11074,43817300,7075,16.15
Republic of Korea,2000,12686,44271743,6444,14.56
Republic of Korea,2001,11922,44710865,6911,15.46
Republic of Korea,2002,13501,45110041,8611,19.09
Republic of Korea,2003,14971,45455888,10898,23.97
Republic of Korea,2004,16708,45779970,11492,25.1
Republic of Korea,2005,19460,46151884,12011,26.02
Republic of Korea,2006,21753,46513964,10653,22.9
Republic of Korea,2007,23982,46814207,12174,26.0
Republic of Korea,2008,21278,47101747,12858,27.3
Republic of Korea,2009,19036,47380017,15402,32.51
Republic of Korea,2010,22994,47598615,15558,32.69
Republic of Korea,2011,25157,47798017,15906,33.28
Republic of Korea,2012,25464,48020985,14159,29.49
Republic of Korea,2013,27060,48248224,14426,29.9
Republic of Korea,2014,29120,48465917,13834,28.54
Republic of Korea,2015,28410,48671752,13510,27.76
Romania,1989,1973,21344500,2529,11.85
Romania,1990,1822,21401900,2079,9.71
Romania,1991,1351,21458000,2161,10.07
Romania,1992,1183,21227100,2650,12.48
Romania,1993,1237,21307600,2774,13.02
Romania,1994,1406,21386000,2887,13.5
Romania,1995,1756,21451300,2793,13.02
Romania,1996,1738,21397300,2828,13.22
Romania,1997,1677,21369000,2859,13.38
Romania,1998,1967,21338400,2838,13.3
Romania,1999,1698,21310800,2736,12.84
Romania,2000,1758,21290400,2836,13.32
Romania,2001,1914,21272887,2720,12.79
Romania,2002,2231,20700580,3067,14.82
Romania,2003,2898,20656841,2894,14.01
Romania,2004,3698,20610767,2720,13.2
Romania,2005,4847,20569960,2603,12.65
Romania,2006,6018,20526561,2721,13.26
Romania,2007,8593,20475026,2430,11.87
Romania,2008,10454,20433803,2472,12.1
Romania,2009,8465,20390882,2586,12.68
Romania,2010,8190,20348649,2766,13.59
Romania,2011,9086,20291701,2536,12.5
Romania,2012,9015,19041594,2495,13.1
Romania,2013,10080,19003345,2407,12.67
Romania,2014,10526,18952235,2209,11.66
Romania,2015,9431,18863927,2228,11.81
Romania,2016,10020,16644905,1953,11.73
Russian Federation,1989,3740,135443800,37921,28.0
Russian Federation,1990,3789,136398200,39028,28.61
Russian Federation,1991,3773,137283000,39281,28.61
Russian Federation,1992,3333,138118900,45923,33.25
Russian Federation,1993,3160,137692800,55846,40.56
Russian Federation,1994,2853,138476200,61420,44.35
Russian Federation,1995,2844,139087100,60548,43.53
Russian Federation,1996,2813,139272600,57511,41.29
Russian Federation,1997,2907,139283200,54746,39.31
Russian Federation,1998,1948,139122100,51518,37.03
Russian Federation,1999,1412,138717800,56974,41.07
Russian Federation,2000,1879,138205695,56619,40.97
Russian Federation,2001,2229,137521509,56958,41.42
Russian Federation,2002,2527,136590900,55024,40.28
Russian Federation,2003,3141,137019868,51445,37.55
Russian Federation,2004,4312,137071699,49096,35.82
Russian Federation,2005,5611,136162191,45802,33.64
Russian Federation,2006,7313,135357462,42614,31.48
Russian Federation,2007,9643,134778964,41149,30.53
Russian Federation,2008,12359,134385949,38211,28.43
Russian Federation,2009,9118,134085433,37408,27.9
Russian Federation,2010,11307,134865987,33356,24.73
Russian Federation,2011,15226,134745874,31038,23.03
Russian Federation,2012,16413,134668522,29643,22.01
Russian Federation,2013,17052,134713962,28690,21.3
Russian Federation,2014,15319,134713962,26541,19.7
Russian Federation,2015,9987,137018943,25432,18.56
Saint Kitts and Nevis,1990,5339,39100,0,0.0
Saint Kitts and Nevis,1991,5368,39100,0,0.0
Saint Kitts and Nevis,1992,5868,39100,0,0.0
Saint Lucia,1986,2634,110000,5,4.55
Saint Lucia,1987,2875,111300,11,9.88
Saint Lucia,1988,3244,113000,10,8.85
Saint Lucia,1989,3505,118566,8,6.75
Saint Lucia,1990,4015,120537,3,2.49
Saint Lucia,1991,4194,122496,6,4.9
Saint Lucia,1992,4564,124223,11,8.86
Saint Lucia,1993,4568,125846,8,6.36
Saint Lucia,1994,4704,127557,6,4.7
Saint Lucia,1995,4947,129466,10,7.72
Saint Lucia,1996,5031,131621,7,5.32
Saint Lucia,1997,5053,133967,9,6.72
Saint Lucia,1998,5407,136400,8,5.87
Saint Lucia,1999,5590,138813,8,5.76
Saint Lucia,2000,5557,141100,14,9.92
Saint Lucia,2001,5195,143166,7,4.89
Saint Lucia,2002,5155,145168,12,8.27
Saint Lucia,2003,5599,147127,10,6.8
Saint Lucia,2004,5989,149121,8,5.36
Saint Lucia,2005,6292,151169,4,2.65
Saint Lucia,2006,7391,153460,2,1.3
Saint Lucia,2008,8122,157876,0,0.0
Saint Lucia,2009,7902,159820,13,8.13
Saint Lucia,2010,8557,161503,4,2.48
Saint Lucia,2011,8826,162892,8,4.91
Saint Lucia,2012,8764,163940,10,6.1
Saint Lucia,2013,9041,164790,14,8.5
Saint Lucia,2014,9372,165596,14,8.45
Saint Vincent and Grenadines,1985,1622,89800,2,2.23
Saint Vincent and Grenadines,1986,1771,90800,0,0.0
Saint Vincent and Grenadines,1987,1908,92036,0,0.0
Saint Vincent and Grenadines,1990,2553,94141,5,5.31
Saint Vincent and Grenadines,1995,3293,95974,7,7.29
Saint Vincent and Grenadines,1996,3450,96095,8,8.33
Saint Vincent and Grenadines,1997,3613,96255,3,3.12
Saint Vincent and Grenadines,1998,3874,96449,10,10.37
Saint Vincent and Grenadines,1999,4041,96685,6,6.21
Saint Vincent and Grenadines,2000,4087,96956,5,5.16
Saint Vincent and Grenadines,2001,4418,97341,8,8.22
Saint Vincent and Grenadines,2002,4723,97799,7,7.16
Saint Vincent and Grenadines,2003,4902,98292,4,4.07
Saint Vincent and Grenadines,2004,5286,98740,4,4.05
Saint Vincent and Grenadines,2005,5556,99118,8,8.07
Saint Vincent and Grenadines,2006,6142,99463,6,6.03
Saint Vincent and Grenadines,2007,6539,99689,11,11.03
Saint Vincent and Grenadines,2008,6966,99826,4,4.01
Saint Vincent and Grenadines,2009,6754,99927,1,1.0
Saint Vincent and Grenadines,2010,6809,100050,5,5.0
Saint Vincent and Grenadines,2011,6759,100037,5,5.0
Saint Vincent and Grenadines,2012,6918,100167,10,9.98
Saint Vincent and Grenadines,2013,7183,100398,0,0.0
Saint Vincent and Grenadines,2014,7203,100676,2,1.99
Saint Vincent and Grenadines,2015,7496,100948,3,2.97
San Marino,1999,48255,25192,2,7.94
San Marino,2000,43435,25369,1,3.94
San Marino,2005,69301,28264,1,3.54
Serbia,1998,2547,7179002,1460,20.34
Serbia,1999,2570,7162831,1571,21.93
Serbia,2000,915,7149140,1543,21.58
Serbia,2001,1718,7142410,1442,20.19
Serbia,2002,2258,7138113,1446,20.26
Serbia,2003,2979,7111975,1378,19.38
Serbia,2004,3508,7086364,1345,18.98
Serbia,2005,3719,7058982,1437,20.36
Serbia,2006,4353,7031811,1443,20.52
Serbia,2007,5748,7009610,1353,19.3
Serbia,2008,7049,6988532,1289,18.44
Serbia,2009,6116,6968240,1373,19.7
Serbia,2010,5682,6944871,1207,17.38
Serbia,2011,6734,6900027,1256,18.2
Serbia,2012,5933,6867174,1243,18.1
Serbia,2013,6662,6832840,1197,17.52
Serbia,2014,6500,6801810,1134,16.67
Serbia,2015,5492,6766406,1062,15.7
Seychelles,1985,2947,57300,8,13.96
Seychelles,1986,3621,57400,1,1.74
Seychelles,1987,4276,58300,3,5.15
Seychelles,2001,8257,75363,6,7.96
Seychelles,2002,9070,76904,5,6.5
Seychelles,2003,9001,78402,8,10.2
Seychelles,2004,10526,79735,6,7.52
Seychelles,2005,11361,80900,5,6.18
Seychelles,2006,12442,81691,8,9.79
Seychelles,2007,12554,82331,6,7.29
Seychelles,2008,11667,82900,4,4.83
Seychelles,2009,10157,83429,4,4.79
Seychelles,2010,11563,83885,6,7.15
Seychelles,2011,13204,80717,5,6.19
Seychelles,2012,13044,81224,3,3.69
Seychelles,2013,16090,82541,9,10.9
Seychelles,2014,16018,83845,4,4.77
Seychelles,2015,16005,85949,7,8.14
Singapore,1985,8142,2350500,324,13.78
Singapore,1986,7805,2379300,326,13.7
Singapore,1987,8679,2407800,301,12.5
Singapore,1988,10586,2393400,366,15.29
Singapore,1989,12514,2431100,394,16.21
Singapore,1990,14393,2511800,354,14.09
Singapore,1991,17768,2559300,296,11.57
Singapore,1992,20029,2604000,277,10.64
Singapore,1993,22835,2655800,270,10.17
Singapore,1994,27202,2712200,316,11.65
Singapore,1995,31783,2765300,364,13.16
Singapore,1996,34148,2823100,239,8.47
Singapore,1997,34779,2880000,303,10.52
Singapore,1998,29150,2940200,328,11.16
Singapore,1999,28789,2997100,277,9.24
Singapore,2000,31446,3047600,309,10.14
Singapore,2001,28774,3103000,305,9.83
Singapore,2002,29048,3165200,321,10.14
Singapore,2003,30067,3226200,320,9.92
Singapore,2004,34799,3281400,335,10.21
Singapore,2005,38122,3342400,359,10.74
Singapore,2006,43318,3411900,372,10.9
Singapore,2007,53098,3389600,328,9.68
Singapore,2008,55735,3448900,319,9.25
Singapore,2009,54413,3536100,349,9.87
Singapore,2010,66099,3576800,296,8.28
Singapore,2011,76638,3600900,308,8.55
Singapore,2012,80040,3631600,392,10.79
Singapore,2013,83151,3661456,357,9.75
Singapore,2014,84442,3689370,355,9.62
Singapore,2015,81766,3719115,329,8.85
Slovakia,1992,3143,4909228,796,16.21
Slovakia,1993,3334,4935260,738,14.95
Slovakia,1994,4036,4974858,691,13.89
Slovakia,1995,5141,5005232,735,14.68
Slovakia,1996,5529,5032436,672,13.35
Slovakia,1997,5468,5058389,630,12.45
Slovakia,1998,5871,5081100,673,13.25
Slovakia,1999,5966,5098200,692,13.57
Slovakia,2000,5696,5111813,729,14.26
Slovakia,2001,6020,5100256,692,13.57
Slovakia,2002,6869,5107584,717,14.04
Slovakia,2003,9138,5113982,753,14.72
Slovakia,2004,11177,5121210,676,13.2
Slovakia,2005,12229,5126946,679,13.24
Slovakia,2006,13763,5129369,0,0.0
Slovakia,2007,16815,5132660,0,0.0
Slovakia,2008,19530,5137067,591,11.5
Slovakia,2009,17299,5141744,601,11.69
Slovakia,2010,17387,5147562,631,12.26
Slovakia,2012,18256,5116922,571,11.16
Slovakia,2013,19226,5122209,616,12.03
Slovakia,2014,19679,5129686,554,10.8
Slovenia,1995,11291,1884000,564,29.94
Slovenia,1996,11346,1893100,607,32.06
Slovenia,1997,11014,1883900,593,31.48
Slovenia,1998,11767,1880300,612,32.55
Slovenia,1999,12041,1884400,590,31.31
Slovenia,2000,10783,1886483,588,31.17
Slovenia,2001,10979,1901330,581,30.56
Slovenia,2002,12362,1906124,540,28.33
Slovenia,2003,15568,1907589,562,29.46
Slovenia,2004,18067,1907862,512,26.84
Slovenia,2005,19012,1911817,503,26.31
Slovenia,2006,20634,1918570,529,27.57
Slovenia,2007,24964,1927332,434,22.52
Slovenia,2008,28599,1943758,408,20.99
Slovenia,2009,25872,1942037,447,23.02
Slovenia,2010,24689,1944774,414,21.29
Slovenia,2011,26377,1944561,435,22.37
Slovenia,2012,23820,1945988,440,22.61
Slovenia,2013,24697,1948276,446,22.89
Slovenia,2014,25569,1951786,388,19.88
Slovenia,2015,22036,1954632,422,21.59
South Africa,1996,3908,37773652,143,0.38
South Africa,1997,3960,38528157,104,0.27
South Africa,1998,3512,39232468,180,0.46
South Africa,1999,3424,39907560,279,0.7
South Africa,2000,3361,40568559,267,0.66
South Africa,2001,2953,41185599,384,0.93
South Africa,2002,2769,41803868,236,0.56
South Africa,2003,4132,42415309,256,0.6
South Africa,2004,5323,43005874,383,0.89
South Africa,2005,5914,43566107,458,1.05
South Africa,2006,6166,44079057,514,1.17
South Africa,2007,6708,44577435,417,0.94
South Africa,2008,6573,43680586,441,1.01
South Africa,2009,6517,45607048,372,0.82
South Africa,2010,8128,46176200,393,0.85
South Africa,2011,8906,46806739,358,0.76
South Africa,2012,8347,47484256,487,1.03
South Africa,2013,7612,48192699,587,1.22
South Africa,2014,7174,48912129,580,1.19
South Africa,2015,6403,49627460,482,0.97
Spain,1985,5009,35997000,2514,6.98
Spain,1986,6919,36223000,2755,7.61
Spain,1987,8727,36425700,2804,7.7
Spain,1988,10250,36597300,2960,8.09
Spain,1989,11258,36740400,2987,8.13
Spain,1990,14517,36861400,2939,7.97
Spain,1991,15574,36958100,2916,7.89
Spain,1992,17005,37000900,2786,7.53
Spain,1993,14106,37122100,3037,8.18
Spain,1994,14223,37203100,3171,8.52
Spain,1995,16444,37275300,3157,8.47
Spain,1996,17166,37341200,3320,8.89
Spain,1997,15738,37405000,3373,9.02
Spain,1998,16473,37458900,3261,8.71
Spain,1999,16756,37789271,3220,8.52
Spain,2000,15538,38319996,3394,8.86
Spain,2001,16169,38713504,3189,8.24
Spain,2002,17924,39340611,3372,8.57
Spain,2003,22701,39947556,3478,8.71
Spain,2004,26372,40555823,3508,8.65
Spain,2005,28092,41195479,3399,8.25
Spain,2006,30246,41808848,3247,7.77
Spain,2007,34769,42547327,3264,7.67
Spain,2008,37848,43199484,3457,8.0
Spain,2009,34470,43490086,3429,7.88
Spain,2010,32839,43595356,3158,7.24
Spain,2011,34097,43642571,3180,7.29
Spain,2012,30146,44318859,3539,7.99
Spain,2013,30792,44227625,3873,8.76
Spain,2014,31171,44172771,3911,8.85
Spain,2015,27108,44186528,3604,8.16
Sri Lanka,1985,431,13857000,5668,40.9
Sri Lanka,1986,454,14101400,5345,37.9
Sri Lanka,1996,834,16654427,4898,29.41
Sri Lanka,1997,900,16775409,5887,35.09
Sri Lanka,1998,935,16897691,5518,32.66
Sri Lanka,1999,920,17020287,5619,33.01
Sri Lanka,2000,953,17140342,5252,30.64
Sri Lanka,2001,912,17266961,4590,26.58
Sri Lanka,2002,951,17395955,4382,25.19
Sri Lanka,2003,1077,17524596,4467,25.49
Sri Lanka,2006,1580,17891558,4015,22.44
Suriname,1985,2706,322700,80,24.79
Suriname,1986,2731,326294,42,12.87
Suriname,1987,2951,332013,52,15.66
Suriname,1988,3418,339611,49,14.43
Suriname,1989,1560,347723,53,15.24
Suriname,1990,1114,348700,26,7.46
Suriname,1991,1235,363079,57,15.7
Suriname,1992,1093,370194,48,12.97
Suriname,1995,1782,389414,55,14.12
Suriname,1996,2174,395805,21,5.31
Suriname,1997,2314,401814,32,7.96
Suriname,1998,2318,407606,29,7.11
Suriname,1999,2142,413303,49,11.86
Suriname,2000,2129,419001,52,12.41
Suriname,2001,1798,424515,72,16.96
Suriname,2002,2507,430176,69,16.04
Suriname,2003,2916,435946,77,17.66
Suriname,2004,3360,441717,67,15.17
Suriname,2005,4009,447445,72,16.09
Suriname,2006,5794,453293,112,24.71
Suriname,2007,6397,459086,119,25.92
Suriname,2008,7601,464789,147,31.63
Suriname,2009,8238,470448,131,27.85
Suriname,2010,9176,476052,136,28.57
Suriname,2011,9184,481521,127,26.37
Suriname,2012,10227,486964,133,27.31
Suriname,2013,10451,492359,131,26.61
Suriname,2014,10530,497701,128,25.72
Sweden,1987,22813,7909000,1541,19.48
Sweden,1988,25731,7930900,1590,20.05
Sweden,1989,26978,7964800,1579,19.82
Sweden,1990,32246,8005700,1471,18.37
Sweden,1991,33623,8041100,1483,18.44
Sweden,1992,34721,8073200,1355,16.78
Sweden,1993,25880,8112500,1373,16.92
Sweden,1994,27658,8174100,1324,16.2
Sweden,1995,32072,8233000,1348,16.37
Sweden,1996,34819,8274300,1253,15.14
Sweden,1997,31821,8311300,1201,14.45
Sweden,1998,31966,8346300,1231,14.75
Sweden,1999,32328,8378013,1220,14.56
Sweden,2000,30896,8409008,1131,13.45
Sweden,2001,28429,8439317,1197,14.18
Sweden,2002,31175,8465828,1180,13.94
Sweden,2003,38997,8490539,1112,13.1
Sweden,2004,44831,8514314,1155,13.57
Sweden,2005,45563,8538624,1219,14.28
Sweden,2006,48977,8576044,1197,13.96
Sweden,2007,56531,8629159,1126,13.05
Sweden,2008,59155,8688504,1170,13.47
Sweden,2009,49070,8755922,1242,14.18
Sweden,2010,55352,8823125,1141,12.93
Sweden,2011,63380,8884644,1112,12.52
Sweden,2012,60776,8948909,1154,12.9
Sweden,2013,64133,9024081,1230,13.63
Sweden,2014,62956,9114524,1148,12.6
Sweden,2015,54629,9114524,1182,12.97
Sweden,2016,55594,8125852,1130,13.91
Switzerland,1995,51774,6617500,1419,21.44
Switzerland,1996,49621,6652200,1432,21.53
Switzerland,1997,42923,6675200,1341,20.09
Switzerland,1998,43872,6725167,1371,20.39
Switzerland,1999,42859,6764328,1296,19.16
Switzerland,2000,39952,6809589,1380,20.27
Switzerland,2001,40582,6865842,1338,19.49
Switzerland,2002,43419,6942010,1446,20.83
Switzerland,2003,50639,6969293,1269,18.21
Switzerland,2004,56123,7023166,1284,18.28
Switzerland,2005,57790,7071991,1299,18.37
Switzerland,2006,60536,7118477,1309,18.39
Switzerland,2007,66807,7183595,1360,18.93
Switzerland,2008,76202,7274875,1314,18.06
Switzerland,2009,73529,7364558,1105,15.0
Switzerland,2010,78474,7439147,1006,13.52
Switzerland,2011,93053,7518040,1034,13.75
Switzerland,2012,87951,7595591,1038,13.67
Switzerland,2013,89634,7681318,1071,13.94
Switzerland,2014,90809,7809621,1032,13.21
Switzerland,2015,86068,7892502,1073,13.6
Thailand,1985,840,46303443,2982,6.44
Thailand,1986,911,47331465,2798,5.91
Thailand,1987,1045,48376410,3035,6.27
Thailand,1990,1666,51228668,3753,7.33
Thailand,1991,1891,51947693,3559,6.85
Thailand,1992,2120,52570440,3550,6.75
Thailand,1994,2784,52691000,2307,4.38
Thailand,1995,3114,54366057,4245,7.81
Thailand,1996,3324,55070703,4443,8.07
Thailand,1997,2689,55859088,4150,7.43
Thailand,1998,2005,56691783,4963,8.75
Thailand,1999,2203,57507860,5276,9.17
Thailand,2000,2169,58262135,5182,8.89
Thailand,2002,2305,58263389,4902,8.41
Thailand,2003,2531,60158951,4484,7.45
Thailand,2004,2849,60686373,4296,7.08
Thailand,2005,3094,61182665,3937,6.43
Thailand,2006,3598,61636512,3608,5.85
Thailand,2007,4461,58941621,3754,6.37
Thailand,2008,4921,59216773,3778,6.38
Thailand,2009,4736,59483718,3787,6.37
Thailand,2010,5707,59769764,3761,6.29
Thailand,2011,6153,60261832,3873,6.43
Thailand,2012,6584,60382255,3985,6.6
Thailand,2013,6917,60766487,3961,6.52
Thailand,2014,6662,61139919,3952,6.46
Thailand,2015,6552,61261276,4205,6.86
Thailand,2016,6713,53442001,4117,7.7
Trinidad and Tobago,1985,7317,1008000,29,2.88
Trinidad and Tobago,1986,4516,1061600,104,9.8
Trinidad and Tobago,1987,4449,1078300,119,11.04
Trinidad and Tobago,1988,4104,1095600,164,14.97
Trinidad and Tobago,1989,4040,1070000,173,16.17
Trinidad and Tobago,1990,4656,1088500,170,15.62
Trinidad and Tobago,1991,4817,1102000,148,13.43
Trinidad and Tobago,1992,4803,1132600,163,14.39
Trinidad and Tobago,1993,4066,1148300,174,15.15
Trinidad and Tobago,1994,4254,1162900,148,12.73
Trinidad and Tobago,1995,4637,1149173,184,16.01
Trinidad and Tobago,1996,4982,1156185,146,12.63
Trinidad and Tobago,1997,4937,1162267,160,13.77
Trinidad and Tobago,1998,5175,1167924,171,14.64
Trinidad and Tobago,1999,5803,1173276,139,11.85
Trinidad and Tobago,2000,6920,1178363,166,14.09
Trinidad and Tobago,2001,7458,1183354,179,15.13
Trinidad and Tobago,2002,7578,1188800,156,13.12
Trinidad and Tobago,2003,9465,1194458,144,12.06
Trinidad and Tobago,2004,11066,1200116,168,14.0
Trinidad and Tobago,2005,13258,1205471,136,11.28
Trinidad and Tobago,2006,15190,1209301,141,11.66
Trinidad and Tobago,2007,17827,1213988,131,10.79
Trinidad and Tobago,2008,22857,1219336,199,16.32
Trinidad and Tobago,2009,15652,1225097,128,10.45
Trinidad and Tobago,2010,18000,1231002,160,13.0
Trinidad and Tobago,2011,20557,1237186,139,11.24
Turkey,2009,9773,65962419,1050,1.59
Turkey,2010,11525,66975131,1524,2.28
Turkey,2011,12237,68034357,1148,1.69
Turkey,2012,12671,68976439,1450,2.1
Turkey,2013,13603,69880352,1810,2.59
Turkey,2014,13170,70931420,1617,2.28
Turkey,2015,11961,71880464,1532,2.13
Turkmenistan,1987,815,2859100,272,9.51
Turkmenistan,1988,1029,2926300,270,9.23
Turkmenistan,1989,1003,2999000,253,8.44
Turkmenistan,1990,1036,3079800,298,9.68
Turkmenistan,1991,1014,3162500,273,8.63
Turkmenistan,1992,984,3252900,271,8.33
Turkmenistan,1993,954,3331100,240,7.2
Turkmenistan,1994,748,3423100,234,6.84
Turkmenistan,1995,650,3818200,244,6.39
Turkmenistan,1996,608,3913000,283,7.23
Turkmenistan,1997,612,4006400,333,8.31
Turkmenistan,1998,636,4099200,405,9.88
Turkmenistan,1999,619,3958754,442,11.17
Turkmenistan,2000,721,4026478,383,9.51
Turkmenistan,2001,863,4095981,445,10.86
Turkmenistan,2002,1077,4143692,416,10.04
Turkmenistan,2003,1431,4177740,377,9.02
Turkmenistan,2004,1624,4211000,392,9.31
Turkmenistan,2005,1906,4252530,468,11.01
Turkmenistan,2006,2397,4287650,506,11.8
Turkmenistan,2007,2916,4342657,354,8.15
Turkmenistan,2008,4368,4412135,484,10.97
Turkmenistan,2009,4508,4484467,165,3.68
Turkmenistan,2010,4962,4551185,178,3.91
Turkmenistan,2011,6319,4626095,130,2.81
Turkmenistan,2012,7498,4690058,138,2.94
Turkmenistan,2013,8255,4748055,101,2.13
Turkmenistan,2014,9046,4811227,136,2.83
Turkmenistan,2015,7326,4886514,133,2.72
Ukraine,1987,1353,47374200,10050,21.21
Ukraine,1988,1571,47549900,9751,20.51
Ukraine,1989,1732,47761700,10887,22.79
Ukraine,1990,1698,47971600,10645,22.19
Ukraine,1991,1607,48200600,10700,22.2
Ukraine,1992,1525,48487300,11666,24.06
Ukraine,1993,1349,48680500,12469,25.61
Ukraine,1994,1081,48619000,13826,28.44
Ukraine,1995,996,48415300,14541,30.03
Ukraine,1996,925,48174500,15160,31.47
Ukraine,1997,1046,47923000,14903,31.1
Ukraine,1998,879,47675400,14789,31.02
Ukraine,1999,666,47415400,14363,30.29
Ukraine,2000,663,47125400,14467,30.7
Ukraine,2001,812,46805969,13131,28.05
Ukraine,2002,920,46060017,12536,27.22
Ukraine,2003,1097,45697383,12313,26.94
Ukraine,2004,1432,45322826,11256,24.84
Ukraine,2005,1917,44939270,10621,23.63
Ukraine,2006,2418,44560034,10013,22.47
Ukraine,2007,3229,44198672,10032,22.7
Ukraine,2008,4104,43856123,9454,21.56
Ukraine,2009,2691,43557944,9715,22.3
Ukraine,2010,3141,43296809,9089,20.99
Ukraine,2011,3788,43074791,8973,20.83
Ukraine,2012,4096,42915935,9058,21.11
Ukraine,2014,3299,40464165,7968,19.69
Ukraine,2015,2256,40345446,7574,18.77
United Arab Emirates,2005,42196,4280433,96,2.24
United Arab Emirates,2006,45110,4923879,90,1.83
United Arab Emirates,2007,45285,5695389,101,1.77
United Arab Emirates,2008,48457,6510358,100,1.54
United Arab Emirates,2009,34960,7252480,124,1.71
United Arab Emirates,2010,36964,7839736,111,1.42
United Kingdom,1985,9231,53006535,5105,9.63
United Kingdom,1986,11323,53119533,4839,9.11
United Kingdom,1987,13996,53239668,4594,8.63
United Kingdom,1988,17072,53310780,4971,9.32
United Kingdom,1989,17349,53425129,4361,8.16
United Kingdom,1990,20411,53557854,4643,8.67
United Kingdom,1991,21201,53903427,4547,8.44
United Kingdom,1992,21815,54076358,4628,8.56
United Kingdom,1993,19553,54283982,4462,8.22
United Kingdom,1994,20927,54497293,4380,8.04
United Kingdom,1995,24389,54746964,4315,7.88
United Kingdom,1996,25609,55012207,4165,7.57
United Kingdom,1997,28091,55266635,4143,7.5
United Kingdom,1998,29508,55527379,4389,7.9
United Kingdom,1999,29832,55833339,4448,7.97
United Kingdom,2000,29358,56133909,4290,7.64
United Kingdom,2001,29179,55571993,4128,7.43
United Kingdom,2002,31630,55908944,4117,7.36
United Kingdom,2003,36289,56171771,3979,7.08
United Kingdom,2004,42486,56455011,4183,7.41
United Kingdom,2005,44372,56809024,4047,7.12
United Kingdom,2006,47163,57091129,4122,7.22
United Kingdom,2007,53576,57382757,3897,6.79
United Kingdom,2008,50111,57683372,4259,7.38
United Kingdom,2009,41074,58013559,4246,7.32
United Kingdom,2010,41798,58403529,4188,7.17
United Kingdom,2011,44491,58881852,4393,7.46
United Kingdom,2012,44585,59708630,4444,7.44
United Kingdom,2013,45594,60091793,4824,8.03
United Kingdom,2014,49906,60570482,4788,7.9
United Kingdom,2015,47240,61082942,4910,8.04
United States,1985,19693,220723000,29446,13.34
United States,1986,20588,222953000,30892,13.86
United States,1987,21631,225148000,30783,13.67
United States,1988,23103,227353000,30388,13.37
United States,1989,24654,229487000,30218,13.17
United States,1990,26004,229952200,30895,13.44
United States,1991,26503,232955000,30790,13.22
United States,1992,27760,235565600,30471,12.94
United States,1993,28891,238092300,31084,13.06
United States,1994,30375,240614100,31123,12.93
United States,1995,31518,243164200,31272,12.86
United States,1996,32928,245997800,30879,12.55
United States,1997,34644,248486400,30517,12.28
United States,1998,36164,251332500,30558,12.16
United States,1999,38072,253748671,29183,11.5
United States,2000,39218,262246108,29343,11.19
United States,2001,40018,265427546,30607,11.53
United States,2002,40845,268759559,31645,11.77
United States,2003,42468,271041510,31477,11.61
United States,2004,44867,273584136,32428,11.85
United States,2005,47423,276106680,32629,11.82
United States,2006,49666,278980848,33292,11.93
United States,2007,51585,280658606,34596,12.33
United States,2008,52128,282355565,36030,12.76
United States,2009,50563,285162662,36900,12.94
United States,2010,51989,287839149,38362,13.33
United States,2011,53452,290313825,39508,13.61
United States,2012,55170,292827128,40596,13.86
United States,2013,56520,295322862,41143,13.93
United States,2014,58531,297749735,42769,14.36
United States,2015,60387,300078511,44189,14.73
Uruguay,1985,1729,2737400,287,10.48
Uruguay,1986,2132,2757600,262,9.5
Uruguay,1987,2651,2778900,258,9.28
Uruguay,1988,2934,2799600,268,9.57
Uruguay,1989,2992,2820700,344,12.2
Uruguay,1990,3281,2834000,315,11.12
Uruguay,1993,5180,2896228,418,14.43
Uruguay,1994,5984,2920296,406,13.9
Uruguay,1995,6555,2943816,427,14.5
Uruguay,1996,6914,2967278,393,13.24
Uruguay,1997,8012,2991662,456,15.24
Uruguay,1998,8420,3014887,521,17.28
Uruguay,1999,7903,3034833,450,14.83
Uruguay,2000,7483,3050169,555,18.2
Uruguay,2001,6827,3061024,499,16.3
Uruguay,2002,4439,3065257,675,22.02
Uruguay,2003,3929,3065772,535,17.45
Uruguay,2004,4463,3066489,520,16.96
Uruguay,2005,5655,3070178,498,16.22
Uruguay,2006,6362,3077445,528,17.16
Uruguay,2007,7581,3087957,576,18.65
Uruguay,2008,9793,3100791,523,16.87
Uruguay,2009,10166,3114306,511,16.41
Uruguay,2010,12882,3127306,547,17.49
Uruguay,2012,16264,3151939,599,19.0
Uruguay,2013,18179,3164670,546,17.25
Uruguay,2014,18012,3177645,591,18.6
Uruguay,2015,16696,3190795,630,19.74
Uzbekistan,1990,778,17165700,1459,8.5
Uzbekistan,1991,788,17347800,1393,8.03
Uzbekistan,1992,709,18257000,1344,7.36
Uzbekistan,1993,708,18509300,1355,7.32
Uzbekistan,1994,674,19144700,1419,7.41
Uzbekistan,1995,681,19599000,1485,7.58
Uzbekistan,1996,703,19854500,1699,8.56
Uzbekistan,1997,724,20364300,1554,7.63
Uzbekistan,1998,719,20861200,1620,7.77
Uzbekistan,1999,801,21329916,1795,8.42
Uzbekistan,2000,632,21789067,1919,8.81
Uzbekistan,2001,513,22231527,1914,8.61
Uzbekistan,2002,428,22632256,1576,6.96
Uzbekistan,2003,441,22982883,1416,6.16
Uzbekistan,2004,516,23300841,1251,5.37
Uzbekistan,2005,606,23600347,1221,5.17
Uzbekistan,2009,1332,25288102,1399,5.53
Uzbekistan,2010,1533,25651783,1464,5.71
Uzbekistan,2011,1767,25978049,1640,6.31
Uzbekistan,2012,1964,26381830,1835,6.96
Uzbekistan,2013,2150,26838924,1950,7.27
Uzbekistan,2014,2309,27313507,2095,7.67
